Engineering Strain,Engineering Stress (MPa),Lower Bound (MPa),Upper Bound (MPa)
-0.000630475,-0.3554029166666666,-0.3554029166666666,-0.3554029166666666
-0.0005521440940940941,-0.44094777149291176,-0.44094777149291176,-0.44094777149291176
-0.00047381318818818824,7.232201070458819,7.232201070458819,7.232201070458819
-0.0003954822822822823,6.1861885647566055,6.1861885647566055,6.1861885647566055
-0.0003171513763763764,3.8829955052506944,-0.27145472576105645,8.037445736262445
-0.00023882047047047052,0.04393034522145837,-0.3921671638400381,0.48002785428295486
-0.00016048956456456457,6.41864456222626,-2.0587381481951317,14.89602727264765
-8.215865865865868e-05,1.5016814939225225,0.5363418538414177,2.467021134003627
-3.827752752752793e-06,0.3645774168847097,-0.37999147510168585,1.109146308871105
7.45031531531531e-05,5.645236981354822,-5.241801333382206,16.53227529609185
0.000152834059059059,15.638760836794754,-3.573533947124263,34.85105562071377
0.00023116496496496488,28.027893172759754,9.485892142494158,46.56989420302535
0.0003094958708708709,46.225419807442215,22.23001477476641,70.22082484011801
0.00038782677677677666,45.38120847562388,24.53462794883908,66.22778900240868
0.00046615768268268266,60.47053086820987,34.543579291550245,86.3974824448695
0.0005444885885885884,70.43336562909558,48.950495142647284,91.91623611554387
0.0006228194944944944,78.89943802219253,65.17388081243962,92.62499523194543
0.0007011504004004004,84.71135217251157,70.15906123217512,99.26364311284802
0.0007794813063063062,89.66826810219086,73.55864677442284,105.77788942995889
0.0008578122122122122,96.58365405417437,79.02152763068219,114.14578047766656
0.000936143118118118,98.41049758457561,82.93932493438598,113.88167023476524
0.001014474024024024,106.28694443152915,92.86714479403247,119.70674406902583
0.0010928049299299297,108.95267575469427,94.64814022740731,123.25721128198123
0.0011711358358358357,117.0919107987057,108.99428641238286,125.18953518502853
0.0012494667417417417,121.82859653827487,113.23614158836436,130.42105148818536
0.0013277976476476477,126.94525211896075,117.90378555511738,135.9867186828041
0.0014061285535535532,130.55224812937854,121.06631953808932,140.03817672066776
0.0014844594594594592,133.7629132685953,122.08152601654398,145.44430052064664
0.0015627903653653652,141.3514051476707,129.61974762488495,153.08306267045646
0.0016411212712712712,146.37614910261482,134.28491298468373,158.4673852205459
0.0017194521771771768,153.48736553478744,140.28167141649408,166.6930596530808
0.0017977830830830828,158.7473864368958,149.20066185401316,168.29411101977843
0.0018761139889889888,165.02269261409094,156.26058493728354,173.78480029089835
0.001954444894894895,173.64022287776407,165.35719846201908,181.92324729350906
0.002032775800800801,181.48553284577144,170.57572592168177,192.39533976986112
0.0021111067067067064,179.19806727826895,170.50042568306787,187.89570887347003
0.0021894376126126124,186.37277548143555,174.5496500387697,198.1959009241014
0.0022677685185185184,197.7973499822441,187.8884103973278,207.7062895671604
0.0023460994244244244,200.78394971470544,188.64748393042342,212.92041549898747
0.00242443033033033,210.69537704875856,205.554002112798,215.83675198471911
0.002502761236236236,211.56267906215356,201.59682946498438,221.52852865932275
0.002581092142142142,217.47236643948503,210.68586576072778,224.25886711824228
0.002659423048048048,228.0519987301705,213.69709005818484,242.40690740215618
0.002737753953953954,232.52131090328663,217.33481733006667,247.7078044765066
0.0028160848598598595,234.15673474810342,225.84195433444444,242.4715151617624
0.0028944157657657655,242.8856500710088,225.7722109223314,259.9990892196862
0.0029727466716716715,249.70614871005927,231.62008847220054,267.792208947918
0.0030510775775775775,254.0142512780135,237.47790434537552,270.55059821065146
0.0031294084834834835,261.6373595005469,247.01700013322707,276.2577188678667
0.003207739389389389,264.9363005451302,253.15033018242536,276.7222709078351
0.0032860702952952955,268.4246443491733,257.58754912685004,279.2617395714966
0.003364401201201201,273.17624939385337,261.94642990658105,284.4060688811257
0.0034427321071071066,278.365360168971,264.6441861852616,292.0865341526804
0.003521063013013013,282.24961764718785,268.4320760978641,296.06715919651157
0.0035993939189189186,285.6583278191421,272.8063380634126,298.5103175748715
0.003677724824824824,290.70054261294155,279.49100915863573,301.91007606724736
0.0037560557307307306,294.48207284947796,283.7584765074513,305.2056691915046
0.003834386636636636,299.1857725003564,285.6340947508558,312.737450249857
0.003912717542542543,299.66671712564477,291.0741771254385,308.25925712585104
0.003991048448448448,303.592901593655,295.7577584244793,311.42804476283067
0.004069379354354354,307.443533428249,299.43290277313645,315.45416408336155
0.00414771026026026,310.47702925292066,301.0906178757347,319.8634406301066
0.004226041166166166,312.1199680240642,301.4027314834943,322.8372045646341
0.004304372072072072,314.12983547956304,304.06742408921514,324.19224686991095
0.004382702977977978,317.8724983015778,309.54726759284824,326.1977290103074
0.004461033883883883,319.8061446292075,312.2425446104315,327.3697446479835
0.00453936478978979,321.79686438697047,314.44456630005476,329.1491624738862
0.004617695695695695,323.26983975881626,316.24483364827313,330.2948458693594
0.004696026601601602,325.01581057362125,318.43770815434357,331.59391299289894
0.004774357507507507,327.4051875419119,320.84771972169756,333.96265536212627
0.004852688413413413,329.10052250791585,321.88450316083885,336.31654185499286
0.004931019319319319,330.2276947655465,323.775005378895,336.68038415219803
0.005009350225225225,330.971334779775,325.29155531845043,336.6511142410996
0.005087681131131131,332.0284069303956,325.7290371424003,338.3277767183909
0.005166012037037037,333.7685623249581,327.2637335220397,340.27339112787655
0.005244342942942942,334.38446531363473,328.29536643306267,340.4735641942068
0.005322673848848849,335.09531708134506,329.34855261126046,340.84208155142966
0.005401004754754754,336.07717649474563,329.65569902757176,342.4986539619195
0.00547933566066066,336.6644259638573,330.45495484441,342.8738970833046
0.005557666566566566,337.144703018952,331.03798428839036,343.2514217495136
0.005635997472472472,337.9089242313388,332.15140992515074,343.66643853752686
0.005714328378378378,338.3907242728998,332.9621615933236,343.819286952476
0.005792659284284284,338.82063419431057,333.70038893425146,343.9408794543697
0.0058709901901901895,339.2706467100405,334.4246288984828,344.11666452159824
0.005949321096096096,340.2825091948733,334.0316983155483,346.5333200741983
0.0060276520020020015,340.43830657370836,335.05612380072796,345.82048934668876
0.006105982907907908,340.7868565845147,335.75088796404367,345.8228252049857
0.0061843138138138135,341.6762318794064,335.89233710969825,347.4601266491145
0.006262644719719719,342.22723866180627,335.9934579763254,348.46101934728716
0.0063409756256256255,342.42954699767114,336.448700649758,348.4103933455843
0.006419306531531531,342.81125935273053,337.1715604802335,348.45095822522757
0.0064976374374374375,343.1835802057315,337.7616792379327,348.60548117353034
0.006575968343343343,343.7394950409819,337.7483645973788,349.73062548458506
0.006654299249249249,344.27660027441163,337.70608807239813,350.84711247642514
0.006732630155155155,344.42079817344757,337.8656672678899,350.97592907900525
0.006810961061061061,344.5750143168269,338.2271950252053,350.92283360844857
0.006889291966966967,344.82562869019534,338.7300902787321,350.92116710165857
0.006967622872872873,344.99132494266587,339.15817372270004,350.8244761626317
0.007045953778778778,345.17857147573505,339.7310109190404,350.6261320324297
0.007124284684684685,345.3522477665783,340.2751538137385,350.42934171941806
0.007202615590590591,345.8851141611204,340.2196575433289,351.5505707789119
0.007280946496496497,346.4426424005927,340.0352291647719,352.8500556364135
0.007359277402402402,346.51352603962295,340.3923470036752,352.6347050755707
0.007437608308308308,346.59985470201644,340.76993976667507,352.4297696373578
0.007515939214214213,346.94706594635534,340.8918819350662,353.0022499576445
0.007594270120120121,347.10727568858954,341.14682664685716,353.0677247303219
0.007672601026026026,347.6264942269889,341.13056718027116,354.1224212737066
0.007750931931931932,348.07401557767156,341.200277065352,354.9477540899911
0.007829262837837837,348.2735893736684,341.5444502471641,355.00272850017274
0.007907593743743743,348.39810701079864,341.7879632629299,355.0082507586674
0.007985924649649648,348.5225418194719,342.03540401229424,355.00967962664953
0.008064255555555556,348.6425564979586,342.2803259926936,355.0047870032236
0.008142586461461461,348.7740148638739,342.5376854596481,355.0103442680997
0.008220917367367367,348.88850431644295,342.7596991667647,355.0173094661212
0.008299248273273272,349.07166879137424,343.14170635428087,355.0016312284676
0.008377579179179178,349.00621978286955,343.61313216871645,354.39930739702265
0.008455910085085085,349.2196812008063,343.6468093993381,354.7925530022745
0.008534240990990991,350.11884181172405,343.53387996049963,356.7038036629485
0.008612571896896896,350.46388399472505,343.7898020013016,357.1379659881485
0.008690902802802802,350.59490558809637,344.0687997779246,357.12101139826814
0.008769233708708708,350.7114973239135,344.33057776056944,357.0924168872575
0.008847564614614615,350.64456207986547,344.59379184325144,356.6953323164795
0.00892589552052052,350.56756184566785,344.9377024150602,356.1974212762755
0.009004226426426426,350.6459259325937,345.08664619313254,356.20520567205483
0.009082557332332332,350.8387331556323,345.2036825663571,356.47378374490756
0.009160888238238237,351.04822562366684,345.34681305385857,356.7496381934751
0.009239219144144144,351.4917167005963,345.2703959311233,357.71303747006937
0.00931755005005005,351.97983060287635,345.16867155235985,358.79098965339284
0.009395880955955956,351.9907429443318,345.5274215343669,358.45406435429675
0.009474211861861861,351.8094273338357,345.9146668830596,357.70418778461175
0.009552542767767767,351.95653140904903,345.99496989681836,357.9180929212797
0.009630873673673674,352.6390948100863,345.6081259422726,359.67006367790003
0.00970920457957958,353.06085310876085,345.4786308155131,360.6430754020086
0.009787535485485485,353.118585077396,345.75733647420714,360.4798336805849
0.00986586639139139,353.3172723216391,346.24514186161383,360.3894027816644
0.009944197297297296,353.5522563838845,346.7808234475193,360.32368932024974
0.010022528203203204,353.6991803501558,347.1868910006684,360.2114696996432
0.010100859109109109,353.74652187447293,347.5704126476282,359.9226311013177
0.010179190015015015,353.6065160824178,347.81592086375997,359.3971113010756
0.01025752092092092,353.6713032469379,347.83501275455427,359.5075937393215
0.010335851826826826,353.8367746899945,347.80528066145786,359.86826871853117
0.010414182732732733,354.09826080442633,347.9154343765311,360.28108723232157
0.010492513638638639,354.4617633826791,347.9560040153177,360.96752275004053
0.010570844544544544,354.8269769257256,347.9993594207686,361.6545944306826
0.01064917545045045,355.1631761072268,348.06117474666985,362.2651774677837
0.010727506356356355,355.2543120922311,348.2983475594447,362.21027662501746
0.010805837262262263,355.3539673022537,348.5485287208023,362.15940588370506
0.010884168168168168,355.4640648254681,348.81456116446543,362.11356848647074
0.010962499074074074,355.5750604251709,349.081385948932,362.06873490140975
0.01104082997997998,355.64373073737636,349.2879105637647,361.99955091098803
0.011119160885885885,356.29318468542925,348.86802966922573,363.7183397016328
0.01119749179179179,356.3913451243803,348.96049295764897,363.8221972911116
0.011275822697697698,356.40221550751585,349.13000585479153,363.67442516024016
0.011354153603603603,356.426909438803,349.26064940190673,363.5931694756993
0.011432484509509509,356.4580340326264,349.3991068201079,363.51696124514496
0.011510815415415415,356.5473585089014,349.62194263587145,363.4727743819314
0.01158914632132132,356.50918145062235,350.10144575917997,362.91691714206473
0.011667477227227227,356.8078514634975,350.25469490119843,363.3610080257966
0.011745808133133133,357.1107011640941,350.41814324315976,363.80325908502846
0.011824139039039038,357.3470069413172,350.48995364600466,364.20406023662974
0.011902469944944944,357.5178466103334,350.4627695447114,364.57292367595534
0.01198080085085085,357.6934869224309,350.43579630051636,364.95117754434546
0.012059131756756757,357.9128609188544,350.4729452430765,365.3527765946323
0.012137462662662662,358.09415085361655,350.698782624038,365.4895190831951
0.012215793568568568,358.19221104409394,351.043157421935,365.34126466625287
0.012294124474474474,358.2664586734669,351.3513203990442,365.1815969478896
0.01237245538038038,358.33390079473656,351.6390550977925,365.02874649168064
0.012450786286286286,358.3949336977645,351.9037818754446,364.88608552008435
0.012529117192192192,358.4448113575769,352.14924402426743,364.74037869088636
0.012607448098098098,358.49515220330636,352.3934776699233,364.5968267366894
0.012685779004004003,358.94703364893945,352.1990689033111,365.6949983945678
0.012764109909909909,359.5223659008145,351.80030168584807,367.244430115781
0.012842440815815816,359.58548346034064,351.87862306417003,367.29234385651125
0.012920771721721722,359.5958264659903,352.0236749302411,367.16797800173947
0.012999102627627627,359.46979749609017,352.28654482168156,366.6530501704988
0.013077433533533533,359.4878401363832,352.41549439168665,366.5601858810798
0.013155764439439438,359.6886778151178,352.3712390645978,367.0061165656378
0.013234095345345346,359.9019261802641,352.34855683633987,367.4552955241884
0.013312426251251251,360.22231709690385,352.49537412150966,367.94926007229805
0.013390757157157157,360.50110283238257,352.7154403899744,368.28676527479075
0.013469088063063062,360.2314869923164,353.2977605404133,367.16521344421943
0.013547418968968968,360.6144163332913,353.281170957851,367.9476617087316
0.013625749874874875,360.8970821494536,353.31954722589114,368.474617073016
0.01370408078078078,361.1613825407155,353.3299634873098,368.99280159412126
0.013782411686686686,361.35304982864847,353.22287526374225,369.4832243935547
0.013860742592592592,361.6700468877897,353.3080725681018,370.03202120747756
0.013939073498498497,361.9852623531871,353.3894397415424,370.58108496483186
0.014017404404404405,362.05546414524673,353.65979860751463,370.45112968297883
0.01409573531031031,362.0898769324672,353.90787585193516,370.2718780129992
0.014174066216216216,362.1163984023174,354.14364308747054,370.0891537171642
0.014252397122122121,362.1273313785512,354.3536864773168,369.90097627978565
0.014330728028028027,362.1382643547851,354.5627437149863,369.71378499458393
0.014409058933933934,361.95358531300536,354.8512444448334,369.0559261811773
0.01448738983983984,361.92737898741154,355.1533408558988,368.70141711892427
0.014565720745745745,362.27013180824014,355.0958410158916,369.44442260058867
0.014644051651651651,362.58076328160644,354.97684566262797,370.1846809005849
0.014722382557557557,362.90159590167184,354.8721104127965,370.9310813905472
0.014800713463463462,363.0191416660546,354.9497610293342,371.08852230277506
0.01487904436936937,363.1026371828216,355.0481088983439,371.15716546729925
0.014957375275275275,363.17707879441303,355.134328869674,371.2198287191521
0.015035706181181182,363.271003001203,355.25278785823576,371.2892181441702
0.015114037087087086,363.40047735107044,355.42890506366285,371.372049638478
0.015192367992992993,363.41093736875445,355.72884000341924,371.09303473408966
0.015270698898898897,363.35648736155946,356.14889838130324,370.5640763418157
0.015349029804804805,363.61967260554394,356.1921161019451,371.0472291091428
0.015427360710710712,364.0967533747978,355.8954321208628,372.2980746287328
0.015505691616616616,364.5735719654343,355.5955412659515,373.55160266491714
0.015584022522522523,364.59431205766026,355.7862574201989,373.4023666951216
0.01566235342842843,364.5824847012308,356.0782935667419,373.0866758357197
0.015740684334334336,364.5449112630934,356.327407360682,372.7624151655048
0.015819015240240243,364.5071881676,356.8716899686196,372.14268636658045
0.015897346146146147,364.3771247733175,357.2796850682819,371.47456447835316
0.015975677052052054,364.6614011584969,357.295319093746,372.0274832232478
0.016054007957957958,364.93118123743506,357.2848118648586,372.5775506100115
0.016132338863863865,365.15353051477985,357.2357171664289,373.0713438631308
0.01621066976976977,365.2584307133301,357.1831842836779,373.33367714298225
0.016289000675675677,365.36333091188027,357.13017263039194,373.5964891933686
0.016367331581581584,365.49046850561007,357.11506680067805,373.8658702105421
0.016445662487487488,365.60065233107434,357.07574616363905,374.12555849850963
0.016523993393393395,365.8368415002142,357.23279950514575,374.4408834952826
0.0166023242992993,366.0547799903535,357.35930915044503,374.75025083026196
0.016680655205205206,365.75358549554596,357.9262092095461,373.58096178154585
0.016758986111111113,365.6429640536615,358.29953401986495,372.98639408745805
0.016837317017017017,366.19917840843146,358.0253524391616,374.3730043777013
0.016915647922922925,366.7754810359361,357.7844951131431,375.76646695872904
0.01699397882882883,366.9837636563469,357.8866387657628,376.080888546931
0.017072309734734736,366.9998957818273,358.1738398557305,375.82595170792416
0.017150640640640643,366.94978943445733,358.3513624191564,375.5482164497583
0.017228971546546547,366.79559358073504,358.56663082635475,375.02455633511534
0.017307302452452454,366.624246066491,358.79605771979544,374.4524344131866
0.017385633358358358,367.0656855411852,358.43575438394856,375.6956166984218
0.017463964264264265,367.46421612091285,358.2353653194396,376.6930669223861
0.017542295170170173,367.5607315852679,358.3450364875089,376.7764266830269
0.017620626076076076,367.71776145954385,358.5498225852146,376.8857003338731
0.017698956981981984,367.8937179587518,358.7824853918065,377.00495052569704
0.017777287887887887,367.98146941948653,358.8789579341518,377.08398090482126
0.017855618793793795,367.9931164953391,359.087954192283,376.8982787983952
0.017933949699699702,367.865413664157,359.4257946770904,376.30503265122366
0.018012280605605606,367.69416406532736,359.8040862259924,375.5842419046623
0.018090611511511513,367.94131380011925,359.6736944029868,376.20893319725167
0.018168942417417417,368.1768341220529,359.5222212394013,376.83144700470456
0.018247273323323324,368.34741519674736,359.26881827874513,377.4260121147496
0.01832560422922923,368.65684361729683,359.2346168223153,378.0790704122784
0.018403935135135135,368.99386879150035,359.24298910149747,378.7447484815032
0.018482266041041043,369.10334461985383,359.5050543324574,378.70163490725025
0.018560596946946947,369.0218762570333,359.9703147088375,378.07343780522905
0.018638927852852854,368.9135194991976,360.39110719627934,377.4359318021159
0.01871725875875876,368.7621989333631,360.74061108258934,376.78378678413685
0.018795589664664665,369.0175908204834,360.6837051488266,377.3514764921402
0.018873920570570572,369.46167713532043,360.4384891271696,378.48486514347127
0.018952251476476476,369.58664384868655,360.48832151844,378.6849661789331
0.019030582382382383,369.792014380562,360.43801924988793,379.1460095112361
0.01910891328828829,369.9704397112826,360.3595583445185,379.5813210780467
0.019187244194194195,369.7332050164076,360.6009202653269,378.8654897674883
0.019265575100100102,369.50601959867953,360.85680955913836,378.1552296382207
0.019343906006006006,369.6562397106239,360.85363130509273,378.458848116155
0.019422236911911913,369.83158530228786,360.8278864520645,378.83528415251124
0.01950056781781782,369.99522456087976,360.8511986513143,379.13925047044523
0.019578898723723724,370.22986062141337,360.98821713001723,379.4715041128095
0.01965722962962963,370.44346144882206,361.0900990164565,379.7968238811876
0.019735560535535535,370.57285802147754,361.0549271194897,380.09078892346537
0.019813891441441443,370.7011124105682,361.0169030831927,380.38532173794374
0.01989222234734735,370.83646259681956,360.9895884041091,380.68333678953
0.019970553253253254,370.9629505641682,360.95338369470267,380.9725174336337
0.02004888415915916,370.9452878903571,361.0482132920742,380.84236248864005
0.020127215065065065,370.8729697280049,361.1947930180371,380.55114643797265
0.020205545970970972,370.8349712207514,361.3978237415187,380.2721186999841
0.02028387687687688,371.15012311497924,361.29219590380126,381.0080503261572
0.020362207782782783,370.7547735766723,361.86614563792307,379.6434015154215
0.02044053868868869,371.09562231529134,362.0599896396863,380.13125499089637
0.020518869594594594,371.538710751203,362.0879950562832,380.98942644612276
0.0205972005005005,371.7524141745547,361.9836090389816,381.5212193101278
0.02067553140640641,371.81553202908,362.0233917400216,381.6076723181383
0.020753862312312313,371.88445607497533,362.0688256152713,381.7000865346794
0.02083219321821822,372.0756675757555,362.30333111214264,381.8480040393684
0.020910524124124124,371.7951739452594,362.6832298358365,380.9071180546823
0.02098885503003003,371.9954527965877,362.5721580518922,381.4187475412832
0.02106718593593594,372.19363101684854,362.46214473310175,381.92511730059533
0.021145516841841842,372.40256530422084,362.3693916439801,382.43573896446156
0.02122384774774775,372.62771153525375,362.3017213706273,382.9537016998802
0.021302178653653654,372.87004916026615,362.28869363479043,383.45140468574186
0.02138050955955956,372.89755718930576,362.4787362015893,383.3163781770222
0.021458840465465468,372.92332387345897,362.66547897730914,383.1811687696088
0.021537171371371372,372.93721487931316,362.8320340860528,383.04239567257355
0.02161550227727728,372.9399411314895,362.98026684063996,382.899615422339
0.021693833183183183,372.9202439358645,363.0934634144566,382.7470244572724
0.02177216408908909,372.89710085820036,363.20110031942085,382.5931013969799
0.021850494994994998,372.87197032011835,363.30491016159533,382.43903047864137
0.0219288259009009,372.83608153353237,363.3913430927658,382.28081997429894
0.02200715680680681,372.87131965311124,363.4024968732037,382.3401424330188
0.022085487712712713,373.39034562137476,362.9496485998793,383.8310426428702
0.02216381861861862,372.79339277040236,363.7842039885644,381.8025815522403
0.022242149524524527,372.71534919100577,364.1842371216553,381.2464612603562
0.02232048043043043,373.07602874606715,364.17524789005415,381.97680960208015
0.02239881133633634,373.42913910764497,364.1504205409742,382.70785767431573
0.022477142242242242,373.7127919585898,364.0112214608795,383.41436245630007
0.02255547314814815,373.9846733938438,363.88210671797646,384.0872400697112
0.022633804054054057,373.65603941860195,364.3247536480466,382.9873251891573
0.02271213495995996,373.9707280606244,364.20508516624506,383.7363709550038
0.022790465865865868,374.05343776336986,364.3277815872754,383.7790939394643
0.022868796771771772,373.98987696683855,364.4026601024983,383.5770938311788
0.02294712767767768,374.1100442959063,364.29043282637934,383.9296557654332
0.023025458583583583,374.23278967226395,364.18232370327524,384.28325564125265
0.02310378948948949,374.3579216266109,364.07716239900606,384.63868085421575
0.023182120395395397,374.48623114680925,363.9753574113029,384.99710488231557
0.0232604513013013,374.49893391315106,364.0730259523785,384.92484187392364
0.02333878220720721,374.4772249209517,364.4370178686357,384.5174319732677
0.023417113113113112,374.4692797311019,364.7725529799404,384.1660064822634
0.02349544401901902,374.7875067843376,364.85633090497714,384.7186826636981
0.023573774924924927,375.1070680371114,364.94024511407474,385.27389096014804
0.02365210583083083,375.3781509186369,364.9440144112307,385.8122874260431
0.023730436736736738,375.55099111225076,364.7850773071592,386.3169049173423
0.023808767642642642,375.67236480307065,364.54231717824786,386.80241242789344
0.02388709854854855,375.735924463437,364.3669035059134,387.10494542096063
0.023965429454454457,375.6631805070318,364.521311736759,386.80504927730465
0.02404376036036036,375.5880576093395,364.67249470147146,386.50362051720754
0.024122091266266268,375.5169895420481,364.82947808775185,386.2045009963444
0.02420042217217217,375.4982592850403,365.07372877726664,385.922789792814
0.02427875307807808,375.4969333170474,365.3447759315792,385.64909070251565
0.024357083983983986,375.3754905847045,365.7357681661878,385.01521300322116
0.02443541488988989,375.1972977608131,366.15855672519854,384.2360387964277
0.024513745795795797,375.3309149055813,366.1872316613634,384.47459814979925
0.0245920767017017,375.6161675911574,365.99582097935416,385.2365142029607
0.02467040760760761,375.8306216035773,365.8278576173527,385.8333855898019
0.024748738513513516,376.04087152504536,365.65288246505315,386.42886058503757
0.02482706941941942,376.2572911765006,365.4899787943886,387.02460355861257
0.024905400325325327,376.36498322266624,365.4563620677536,387.27360437757886
0.02498373123123123,376.21724871979126,365.68714710724157,386.74735033234094
0.025062062137137138,376.06582897894475,365.910980283391,386.2206776744985
0.025140393043043045,375.9110936249327,366.1297400960899,385.69244715377545
0.02521872394894895,375.7470108083527,366.3323392943218,385.16168232238357
0.025297054854854856,376.0760400918035,366.03965539270445,386.1124247909026
0.02537538576076076,376.2039310490667,366.0715982245108,386.33626387362256
0.025453716666666668,376.3764521687794,366.1740964463964,386.5788078911624
0.025532047572572575,376.5310659830826,366.2458460512419,386.8162859149233
0.02561037847847848,376.6841085572725,366.3144515847348,387.0537655298102
0.025688709384384386,376.80059445747673,366.32369348609717,387.2774954288563
0.02576704029029029,376.8840808160715,366.2789324400509,387.4892291920921
0.025845371196196197,376.9778184198617,366.25018227180465,387.70545456791876
0.025923702102102104,377.02168397259436,366.2988419322054,387.74452601298333
0.026002033008008008,376.71657179920714,366.8020879590674,386.63105563934687
0.026080363913913916,376.86325208047793,366.87211718766764,386.85438697328823
0.02615869481981982,376.97453435483186,366.88512887847077,387.06393983119295
0.026237025725725727,377.10587492700125,366.9238890549469,387.2878607990556
0.026315356631631634,377.2504628508124,366.98189165967375,387.5190340419511
0.026393687537537538,377.3728598914402,367.0228402124329,387.7228795704475
0.026472018443443445,377.4934037664028,367.06376461761295,387.9230429151927
0.02655034934934935,377.6139476413655,367.1044049147122,388.1234903680188
0.026628680255255256,377.72107615869044,367.1227345053885,388.31941781199237
0.026707011161161164,377.80222075447074,367.09969913040464,388.50474237853683
0.026785342067067067,377.8805703525667,367.0723071006426,388.68883360449075
0.026863672972972975,377.60240077836033,367.42838466502315,387.7764168916975
0.02694200387887888,377.73085394327376,367.39878986359633,388.0629180229512
0.027020334784784786,377.87263171779125,367.3895343129031,388.3557291226794
0.027098665690690693,377.9973880883937,367.3516157458552,388.64316043093214
0.027176996596596597,378.10643104023495,367.2838327415147,388.9290293389552
0.027255327502502504,378.2187826806073,367.21400870596534,389.2235566552493
0.027333658408408408,378.3194617346107,367.12562486580094,389.5132986034204
0.027411989314314315,378.5147081586239,367.20823925852807,389.8211770587197
0.027490320220220223,378.6318833566155,367.3789648917995,389.8848018214315
0.027568651126126126,378.6030895563546,367.550018380661,389.65616073204814
0.027646982032032034,378.57893755682755,367.7250560459249,389.43281906773024
0.027725312937937938,378.55458505785293,367.89911770378643,389.21005241191943
0.027803643843843845,378.46245248078696,368.1702240193356,388.75468094223834
0.027881974749749752,378.30647782490917,368.4653903084393,388.14756534137905
0.027960305655655656,378.4250031939353,368.4774308362706,388.3725755516
0.028038636561561563,378.49860030618703,368.4053252370326,388.59187537534143
0.028116967467467467,378.58357747748835,368.35178882081993,388.81536613415676
0.028195298373373374,378.7224703363571,368.3987111291563,389.0462295435579
0.028273629279279282,378.8683503460487,368.43877689859636,389.29792379350107
0.028351960185185186,379.05067249926486,368.43645985944306,389.66488513908666
0.028430291091091093,379.1936031649292,368.3797528081016,390.00745352175676
0.028508621996996997,379.27507315523496,368.38056274938197,390.16958356108796
0.028586952902902904,379.28008799932434,368.4532389522612,390.1069370463875
0.02866528380880881,379.2851028434137,368.5258234155554,390.044382271272
0.028743614714714715,379.2952314230195,368.6010078785222,389.98945496751685
0.028821945620620622,379.4261666278412,368.62712147274567,390.22521178293675
0.028900276526526526,379.5650727904909,368.66804909969994,390.46209648128183
0.028978607432432434,379.6693861210075,368.65606712255146,390.68270511946355
0.02905693833833834,379.75208854052937,368.60835481188417,390.8958222691746
0.029135269244244245,379.8329410216857,368.5511322547317,391.1147497886397
0.029213600150150152,379.9160676042983,368.49583209580084,391.33630311279575
0.029291931056056056,379.9820449545267,368.42336678409566,391.54072312495776
0.029370261961961963,379.9707325282193,368.43825962446243,391.50320543197614
0.02944859286786787,379.86760633354027,368.53722572690725,391.1979869401733
0.029526923773773774,379.83021246177555,368.7499494549963,390.9104754685548
0.02960525467967968,379.82303103763223,369.01798827873296,390.6280737965315
0.029683585585585585,379.8243633632287,369.2999553873947,390.34877133906275
0.029761916491491493,379.8056556417831,369.57925003681675,390.0320612467495
0.029840247397397397,379.9839241818898,369.63978291990725,390.32806544387233
0.029918578303303304,380.13485292775124,369.65676592191625,390.61293993358623
0.02999690920920921,380.23706611555673,369.5893730493384,390.88475918177505
0.030075240115115115,380.31384468135036,369.47969545673794,391.1479939059628
0.030153571021021022,380.39540334303547,369.37449541741864,391.4163112686523
0.030231901926926926,380.41998250797735,369.3494207570985,391.4905442588562
0.030310232832832833,380.4807964385943,369.45095639884715,391.5106364783415
0.03038856373873874,380.6514920555785,369.73146328090866,391.57152083024835
0.030466894644644645,380.57626178568836,369.9301027653936,391.2224208059831
0.030545225550550552,380.4321969501959,370.1712383892508,390.69315551114096
0.03062355645645646,380.478397734288,370.18953231014046,390.7672631584356
0.030701887362362366,380.5508166221898,370.1803236950815,390.92130954929814
0.030780218268268267,380.6199525922003,370.1678121318024,391.07209305259823
0.030858549174174174,380.68975577529966,370.15618444918056,391.22332710141876
0.03093688008008008,380.9054062446503,370.06889525324993,391.74191723605065
0.03101521098598599,381.14584032282517,369.99324986825445,392.2984307773959
0.031093541891891896,381.3759827424598,369.8993801867239,392.8525852981958
0.031171872797797796,381.5396172412855,369.75090223492145,393.32833224764954
0.031250203703703704,381.4219039623237,369.85819499806155,392.9856129265859
0.03132853460960961,381.3052365048151,369.9652298994607,392.64524311016953
0.03140686551551552,381.16087287572816,370.02712564809906,392.29462010335726
0.031485196421421426,381.00300263163285,370.0644682198695,391.9415370433962
0.031563527327327326,380.85046497543874,370.1094860390019,391.59144391187556
0.03164185823323323,380.77884659102244,370.29729371766507,391.2603994643798
0.03172018913913914,380.413579383703,370.7423967117789,390.0847620556271
0.03179852004504505,380.53197706539464,370.71599408938806,390.3479600414012
0.031876850950950955,380.79377794767515,370.53838626873755,391.04916962661275
0.031955181856856855,381.0539310350904,370.3602503908325,391.74761167934827
0.03203351276276276,381.25925778354576,370.2765118017166,392.24200376537493
0.03211184366866867,381.3713824536864,370.27555286587614,392.4672120414967
0.03219017457457458,381.48295373039537,370.27330317832804,392.6926042824627
0.032268505480480485,381.6011043227771,370.28099952117185,392.9212091243823
0.032346836386386385,381.61937517505055,370.2813407527206,392.9574095973805
0.03242516729229229,381.42192809851474,370.37974696718214,392.46410922984734
0.0325034981981982,381.30661634546186,370.61485446568724,391.9983782252365
0.03258182910410411,381.1913045924088,370.8484645784717,391.53414460634593
0.032660160010010014,381.2928313004929,370.8855808527836,391.70008174820214
0.032738490915915915,381.4768741916289,370.8348997756248,392.11884860763297
0.03281682182182182,381.62295716752175,370.68094971176623,392.56496462327726
0.03289515272772773,381.77475166300223,370.5365196111833,393.0129837148212
0.032973483633633636,381.99474982615067,370.51028659930586,393.4792130529955
0.03305181453953954,382.0277964824906,370.71699141640755,393.33860154857365
0.033130145445445444,382.0851238158213,370.9781068556941,393.19214077594853
0.03320847635135135,382.14604664045964,371.1993756269642,393.0927176539551
0.03328680725725726,382.14558662084704,371.3291521484089,392.96202109328516
0.033365138163163166,382.08960892241555,371.3951879266087,392.7840299182224
0.033443469069069066,382.0336312239841,371.4608520331942,392.606410414774
0.033521799974974974,382.06102135154055,371.438676215494,392.6833664875871
0.03360013088088088,382.18736657900547,371.34115822431454,393.0335749336964
0.03367846178678679,382.3177879210756,371.2503355015279,393.3852403406233
0.033756792692692696,382.44823209633626,371.15934945744897,393.73711473522354
0.033835123598598596,382.57867627159703,371.0681720188809,394.0891805243132
0.0339134545045045,382.5738585367644,371.11187631071033,394.0358407628185
0.03399178541041041,382.5455484519884,371.1792014395913,393.9118954643855
0.03407011631631632,382.5172383672125,371.2462746386571,393.7882020957679
0.034148447222222225,382.49208433334087,371.31797016258054,393.6661985041012
0.034226778128128126,382.4536691830268,371.3947313952619,393.51260697079175
0.03430510903403403,382.3957921762632,371.4636382278605,393.32794612466597
0.03438343993993994,382.33663829217693,371.53015422225457,393.1431223620993
0.03446177084584585,382.2806722277089,371.58765140562906,392.9736930497888
0.034540101751751755,382.3127247676188,371.55741803265516,393.06803150258247
0.034618432657657655,382.3764751690342,371.58282605011334,393.1701242879551
0.03469676356356356,382.4468761793852,371.61968810342745,393.2740642553429
0.03477509446946947,382.517277189736,371.6561845198184,393.37836985965356
0.03485342537537538,382.5943268961021,371.68619206005866,393.5024617321455
0.034931756281281284,382.78407479393775,371.6243852628529,393.9437643250226
0.035010087187187185,382.88522492510856,371.40697623691847,394.36347361329865
0.03508841809309309,382.8462527281505,371.3142946823978,394.37821077390316
0.035166748998999,382.8202245681502,371.51331672999436,394.12713240630603
0.03524507990490491,382.7932820956625,371.71074401339814,393.87582017792687
0.035323410810810814,382.78142255185435,371.9332635555707,393.629581548138
0.035401741716716714,382.79261308224216,372.0626298154642,393.5225963490201
0.03548007262262262,382.8838815081398,372.01058244391993,393.75718057235963
0.03555840352852853,382.9827640718815,371.95194736934286,394.0135807744201
0.035636734434434436,383.08516735590194,371.8993631176694,394.2709715941345
0.03571506534034034,383.18697509195715,371.8458302509829,394.5281199329314
0.035793396246246244,383.2882252914736,371.7916188898971,394.78483169305014
0.03587172715215215,383.3890516724425,371.7368568915857,395.0412464532993
0.03595005805805806,383.369152822699,371.7805602666882,394.9577453787098
0.036028388963963966,383.3172604897233,371.85111551674277,394.78340546270385
0.03610671986986987,383.25384876499925,371.91022569875787,394.5974718312406
0.03618505077577577,383.18514811327043,371.96405522179816,394.4062410047427
0.03626338168168168,383.12784831983015,372.0222913202794,394.2334053193809
0.03634171258758759,383.09046449606655,372.10667741928006,394.07425157285303
0.036420043493493495,383.0940053948881,372.2641774574941,393.9238333322821
0.0364983743993994,383.14591212289196,372.37683671057414,393.9149875352098
0.0365767053053053,383.28415324993193,372.37988882882934,394.18841767103453
0.03665503621121121,383.38934769838477,372.3251014984203,394.45359389834925
0.03673336711711712,383.4416094782659,372.2289865492038,394.654232407328
0.036811698023023025,383.5178729080256,372.1756709667093,394.8600748493419
0.03689002892892893,383.6147425203992,372.15690822115903,395.0725768196394
0.03696835983483483,383.64642653373966,372.2354274483172,395.05742561916213
0.03704669074074074,383.481438566654,372.4137928064967,394.5490843268113
0.03712502164664665,383.3321459586373,372.56529030471415,394.0990016125604
0.037203352552552554,383.3778889531055,372.5986137166407,394.1571641895703
0.03728168345845846,383.43941193938525,372.6578416659047,394.2209822128658
0.03736001436436436,383.4973625988748,372.7109115532759,394.28381364447375
0.03743834527027027,383.53695393327905,372.73299148241995,394.34091638413815
0.03751667617617618,383.6374468899723,372.68335794588864,394.59153583405595
0.037595007082082084,383.8061820899763,372.5723638503549,395.04000032959766
0.03767333798798799,383.9575289860492,372.43132402043335,395.4837339516651
0.03775166889389389,383.90314708960204,372.43982005699746,395.3664741222066
0.0378299997997998,383.83305291934073,372.46380496658054,395.2023008721009
0.037908330705705706,383.7717248165848,372.49673828107365,395.046711352096
0.037986661611611613,383.71039671382897,372.52936719370024,394.8914262339577
0.03806499251751752,383.6697689579142,372.5457774612368,394.79376045459156
0.03814332342342342,383.6391105045463,372.5608163365351,394.7174046725575
0.03822165432932933,383.610368728189,372.5775520018457,394.6431854545323
0.038299985235235236,383.58162695183165,372.5940130224223,394.569240881241
0.03837831614114114,383.55889003143045,372.6192404833229,394.498539579538
0.03845664704704705,383.60910983427016,372.56355632319,394.6546633453503
0.03853497795295295,383.74653994316816,372.4230297574573,395.070050128879
0.03861330885885886,383.78912730633425,372.4229898998911,395.1552647127774
0.038691639764764765,383.8090545998483,372.4408668165075,395.17724238318914
0.03876997067067067,383.82081157109354,372.44700960827817,395.1946135339089
0.03884830157657658,383.8896407496966,372.5548380546617,395.2244434447315
0.03892663248248248,383.9465800705028,372.64204951130324,395.2511106297024
0.03900496338838839,383.85965952516517,372.8042248311406,394.91509421918977
0.039083294294294295,383.6678795443116,373.0633514574618,394.27240763116134
0.0391616252002002,383.8630072003733,372.8152114458731,394.91080295487353
0.03923995610610611,384.0701862907287,372.68738461426426,395.45298796719317
0.03931828701201201,384.2227843870147,372.6928002559476,395.75276851808184
0.03939661791791792,384.3785501265853,372.70141839898946,396.05568185418116
0.039474948823823824,384.49961596088707,372.71238599521797,396.28684592655617
0.03955327972972973,384.44655524311156,372.8938743486013,395.99923613762184
0.03963161063563564,384.3786446046746,373.05066844295214,395.70662076639707
0.03970994154154154,384.29474397965106,373.18060225069325,395.40888570860886
0.03978827244744745,384.2108433546275,373.3102703801107,395.11141632914433
0.039866603353353354,384.1286559071006,373.4429489769082,394.814362837293
0.03994493425925926,384.1117285984589,373.5146465432255,394.7088106536923
0.04002326516516517,384.10577688004236,373.57596482105725,394.63558893902746
0.04010159607107107,384.0998251616258,373.63722927805424,394.56242104519737
0.040179926976976976,384.13354514024905,373.66084397431223,394.6062463061859
0.040258257882882884,384.2278296142919,373.6284828504634,394.82717637812044
0.04033658878878879,384.3076491488542,373.5714343829155,395.04386391479284
0.0404149196946947,384.3581736904429,373.4643133622094,395.25203401867645
0.0404932506006006,384.4104970455837,373.35879798718673,395.4621961039807
0.040571581506506506,384.3843755998622,373.34619047402293,395.4225607257015
0.04064991241241241,384.35873482439445,373.33832265697015,395.37914699181874
0.04072824331831832,384.33160355950474,373.32767001888965,395.33553710011984
0.04080657422422423,384.32777505888214,373.35804746250005,395.2975026552642
0.04088490513013013,384.3336817355585,373.4046155436543,395.2627479274627
0.040963236036036035,384.3468666137397,373.4633794784852,395.23035374899416
0.04104156694194194,384.2487660682723,373.62607826784927,394.8714538686953
0.04111989784784785,384.45536799622295,373.68205239013105,395.22868360231485
0.04119822875375376,384.63613661824274,373.69074996514615,395.58152327133934
0.04127655965965966,384.7794833526613,373.63589667069783,395.9230700346248
0.041354890565565565,384.88662511100733,373.6148511745225,396.15839904749214
0.04143322147147147,384.8569873724772,373.7218010006373,395.9921737443171
0.04151155237737738,384.82305841773587,373.8220558303726,395.8240610050991
0.04158988328328329,384.74462434937976,373.8456390618199,395.64360963693963
0.04166821418918919,384.67071750047154,373.8565875460785,395.48484745486456
0.041746545095095094,384.65874830009864,373.8146712289313,395.502825371266
0.041824876001001,384.6469083110994,373.7720050376073,395.52181158459155
0.04190320690690691,384.63752141304576,373.7307460930958,395.54429673299575
0.041981537812812816,384.66970277209725,373.76321235420806,395.57619318998644
0.04205986871871872,384.76060952330806,373.90209463546364,395.6191244111525
0.042138199624624624,384.8490919586528,373.95474731282457,395.7434366044811
0.04221653053053053,384.895263172278,373.9233537177372,395.86717262681884
0.04229486143643644,384.9414343859032,373.89188917192905,395.9909795998774
0.042373192342342346,384.9918392112885,373.86742668464353,396.11625173793345
0.042451523248248246,385.05485841647396,373.86514692518597,396.24456990776196
0.042529854154154154,385.1182357701139,373.86337660509827,396.3730949351296
0.04260818506006006,385.20471906728045,373.9080759892613,396.5013621452996
0.04268651596596597,385.2633392919878,374.12182516618554,396.40485341779004
0.042764846871871875,385.24348018298525,374.19769794217365,396.28926242379686
0.042843177777777776,385.2089583689912,374.24755843384276,396.17035830413965
0.04292150868368368,385.13569227962205,374.32129520331415,395.95008935592995
0.04299983958958959,385.0032289675325,374.4605287504703,395.5459291845947
0.0430781704954955,385.0794199738317,374.47045894955926,395.68838099810415
0.043156501401401405,385.15328861497693,374.47305817460807,395.8335190553458
0.043234832307307305,385.2065385061449,374.4396985442994,395.9733784679904
0.04331316321321321,385.3513685911995,374.32530350603434,396.37743367636466
0.04339149411911912,385.43054787465564,374.31545824477934,396.54563750453195
0.04346982502502503,385.47786916316534,374.49493793344254,396.46080039288813
0.043548155930930935,385.5381236594757,374.70869299265826,396.3675543262931
0.043626486836836835,385.5171675965339,374.8067520610339,396.22758313203394
0.04370481774274274,385.4544799296196,374.83085828291996,396.0781015763192
0.04378314864864865,385.3917922627053,374.85489379814186,395.9286907272687
0.04386147955455456,385.36007010280883,374.85170654281296,395.8684336628047
0.043939810460460464,385.345751607579,374.8336798875374,395.8578233276206
0.044018141366366365,385.3368001958398,374.8195716239499,395.85402876772974
0.04409647227227227,385.34912557927646,374.79922718382716,395.89902397472576
0.04417480317817818,385.4049780619256,374.7431463820562,396.066809741795
0.044253134084084086,385.4608305445748,374.68691190158586,396.2347491875637
0.044331464989989994,385.50917278566124,374.6241033317278,396.3942422395947
0.044409795895895894,385.5563896154964,374.5594230169179,396.55335621407494
0.0444881268018018,385.60099194299033,374.49397718798076,396.7080066979999
0.04456645770770771,385.5545123966758,374.52783933054764,396.581185462804
0.044644788613613616,385.5103801866561,374.56581928832645,396.45494108498576
0.04472311951951952,385.47356520236923,374.6101255301584,396.33700487458003
0.044801450425425424,385.4397277617762,374.656926278237,396.22252924531546
0.04487978133133133,385.3882402809702,374.72021785822244,396.05626270371795
0.04495811223723724,385.32884177704693,374.79447762900816,395.8632059250857
0.045036443143143146,385.3835429268546,374.8458405334661,395.9212453202431
0.04511477404904905,385.5574452862766,374.77805539219054,396.3368351803627
0.04519310495495495,385.552938952613,374.7281411989957,396.3777367062303
0.04527143586086086,385.5477341137165,374.67695067218074,396.41851755525227
0.04534976676676677,385.54252927482014,374.6255560441315,396.4595025055088
0.045428097672672675,385.53445391287033,374.5716242307396,396.4972835950011
0.04550642857857858,385.5193930408358,374.5117956704359,396.52699041123566
0.04558475948448448,385.5319351338755,374.4994533128249,396.56441695492606
0.04566309039039039,385.5571375778456,374.5301469743642,396.584128181327
0.0457414212962963,385.51030214918245,374.60534468704986,396.41525961131504
0.045819752202202205,385.4620201726276,374.6762370434303,396.2478033018249
0.04589808310810811,385.4211946268835,374.7531329239901,396.0892563297769
0.04597641401401401,385.4136542812896,374.88995281797537,395.93735574460385
0.04605474491991992,385.4132425885799,375.03911232064615,395.7873728565137
0.04613307582582583,385.4453682736792,375.1578530134519,395.7328835339065
0.046211406731731734,385.51778824206855,375.23992518126573,395.79565130287136
0.046289737637637635,385.5135029171266,375.18619908528404,395.8408067489691
0.04636806854354354,385.48181892385867,375.0832060737964,395.8804317739209
0.04644639944944945,385.5383357226988,375.0713028886172,396.00536855678035
0.046524730355355357,385.5560317566823,374.9539084699522,396.15815504341236
0.046603061261261264,385.6528547941454,374.97422619307827,396.33148339521256
0.046681392167167164,385.8223720087849,375.12636902813074,396.51837498943905
0.04675972307307307,385.99188922342427,375.2774972414624,396.7062812053861
0.04683805397897898,386.11549978024874,375.3608907728896,396.8701087876079
0.046916384884884886,385.89183903813387,375.3465251676448,396.4371529086229
0.04699471579079079,385.7588493623777,375.4828602603543,396.0348384644011
0.047073046696696694,385.66245214935,375.5844899116749,395.74041438702506
0.0471513776026026,385.71383218051716,375.5575327126962,395.87013164833814
0.04722970850850851,385.79007861785493,375.488362285846,396.09179494986387
0.047308039414414416,385.86229941914706,375.41661721613804,396.3079816221561
0.04738637032032032,385.8537613043882,375.39563814042725,396.3118844683491
0.04746470122622622,385.82426910677174,375.3554874114538,396.2930508020897
0.04754303213213213,385.79156137710464,375.31254352285714,396.27057923135214
0.04762136303803804,385.7437147974001,375.2467889269926,396.2406406678076
0.047699693943943945,385.69586821769565,375.18065389078856,396.21108254460273
0.04777802484984985,385.6620126884101,375.1455127020611,396.178512674759
0.04785635575575575,385.62971995826257,375.1142012035688,396.1452387129563
0.04793468666166166,385.6212220487026,375.12588397896695,396.1165601184382
0.04801301756756757,385.5899768096938,375.1569544926154,396.02299912677216
0.048091348473473475,385.5247648047845,375.21716308191213,395.8323665276569
0.04816967937937938,385.43604433977026,375.2340088624415,395.638079817099
0.04824801028528528,385.34143972542256,375.2393049767086,395.44357447413654
0.04832634119119119,385.2482181906137,375.2453934991731,395.2510428820544
0.0484046720970971,385.3041858811173,375.34636218021166,395.2620095820229
0.048483003003003004,385.40482575014767,375.4595006828655,395.35015081742984
0.04856133390890891,385.43321535794075,375.44310696395775,395.42332375192376
0.04863966481481481,385.52205365071285,375.42593283749375,395.61817446393195
0.04871799572072072,385.47818216235487,375.44209371503115,395.5142706096786
0.04879632662662663,385.40944823716234,375.40052817646716,395.4183682978575
0.048874657532532534,385.71774386427626,375.28452955008476,396.15095817846776
0.04895298843843844,385.367289529867,375.56898053242065,395.1655985273133
0.04903131934434434,385.3630353230886,375.56044039812195,395.1656302480552
0.04910965025025025,385.42559814031387,375.50897525879196,395.34222102183577
0.049187981156156156,385.48996252106735,375.46048885383345,395.51943618830126
0.04926631206206206,385.51568358970525,375.45479068018136,395.57657649922913
0.04934464296796797,385.53362747929424,375.48507979282067,395.5821751657678
0.04942297387387387,385.5571536415529,375.519893892152,395.5944133909537
0.04950130477977978,385.5806798038116,375.55455012649014,395.6068094811331
0.049579635685685686,385.58147613186594,375.5711551534973,395.5917971102346
0.04965796659159159,385.5726486301658,375.5804066563649,395.5648906039667
0.0497362974974975,385.56382112846575,375.5895514025319,395.53809085439957
0.0498146284034034,385.5546602945936,375.59809263325906,395.5112279559281
0.04989295930930931,385.54529140630046,375.6062203727878,395.48436243981314
0.049971290215215215,385.53592251800745,375.6142447516652,395.4576002843497
0.05004962112112112,385.5233916040706,375.61750021769944,395.4292829904417
0.05012795202702703,385.4192612692354,375.53380162201995,395.30472091645083
0.05020628293293293,385.3835627279899,375.5794674420127,395.1876580139671
0.05028461383883884,385.3478641867444,375.6250657394435,395.0706626340453
0.050362944744744745,385.31216564549885,375.6705948062801,394.9537364847176
0.05044127565065065,385.3412743138319,375.76254671402535,394.92000191363843
0.05051960655655656,385.40382866816424,375.78101570341835,395.0266416329101
0.05059793746246246,385.46021086729104,375.80980533209345,395.11061640248863
0.05067626836836837,385.5165930664178,375.8381277660915,395.1950583667441
0.050754599274274274,385.62520067716815,375.8223730277416,395.4280283265947
0.05083293018018018,385.5046148826331,375.91680639703424,395.092423368232
0.05091126108608609,385.34765493849244,376.03994367252244,394.65536620446244
0.05098959199199199,385.34836359094027,376.0312733162392,394.6654538656413
0.0510679228978979,385.34359968936684,376.0135395447491,394.6736598339846
0.051146253803803804,385.32560877292235,375.98680885171797,394.66440869412673
0.05122458470970971,385.15226643256403,375.8650096790142,394.4395231861139
0.05130291561561562,385.157688989941,375.80743251400867,394.5079454658733
0.05138124652152152,385.1763505402547,375.70199169783166,394.65070938267775
0.051459577427427426,385.1899370297324,375.5871965677485,394.7926774917163
0.051537908333333333,385.2035235192101,375.4723375426953,394.93470949572486
0.05161623923923924,385.1673877259792,375.4249814597118,394.90979399224665
0.05169457014514515,385.10896830225937,375.4543382861628,394.76359831835595
0.05177290105105105,385.0419386956996,375.47731821830524,394.606559173094
0.051851231956956956,384.9758518836858,375.5010342044259,394.4506695629457
0.05192956286286286,384.93304603312015,375.50644249825984,394.35964956798045
0.05200789376876877,384.9071130736362,375.5139101300588,394.3003160172136
0.05208622467467468,384.97696898486436,375.5715832426412,394.3823547270875
0.05216455558058058,385.03924591819276,375.60536256666944,394.4731292697161
0.052242886486486485,385.0756340572294,375.59685416212506,394.5544139523338
0.05232121739239239,385.0600247205877,375.55927232319067,394.56077711798474
0.0523995482982983,384.9792150279817,375.4904017669903,394.4680282889731
0.05247787920420421,384.9347339787725,375.39434565504837,394.47512230249663
0.05255621011011011,384.97536883451346,375.23577477757806,394.71496289144886
0.052634541016016015,384.9645357535217,375.1783111804501,394.7507603265933
0.05271287192192192,384.9585415943245,375.1290747860559,394.7880084025931
0.05279120282782783,384.95254743512726,375.07927107206694,394.82582379818757
0.05286953373373374,384.8820215931273,375.0508297720981,394.71321341415654
0.05294786463963964,384.77808318381824,375.05865346646345,394.497512901173
0.053026195545545544,384.6741447745092,375.0657005993625,394.2825889496559
0.05310452645145145,384.5702063652001,375.07194394879957,394.0684687816006
0.05318285735735736,384.4998576775864,375.05365877723125,393.9460565779416
0.053261188263263266,386.988301912117,377.8571614182119,396.1194424060221
0.05333951916916917,386.9799121508523,377.8644029253652,396.09542137633935
0.053417850075075074,386.96947046428494,377.86809445656604,396.07084647200384
0.05349618098098098,386.9585069804488,377.87087737434683,396.0461365865508
0.05357451188688689,386.95997235553955,377.86751239834933,396.05243231272976
0.053652842792792796,387.0792905890273,377.91359773749423,396.2449834405604
0.053731173698698696,387.1385607766192,377.91828444444315,396.3588371087953
0.053809504604604604,387.16076285431734,377.88933832729225,396.43218738134243
0.05388783551051051,387.1684458966427,377.82994462550914,396.5069471677763
0.05396616641641642,387.1761289389681,377.77034330601356,396.5819145719226
0.054044497322322325,387.21726082222244,377.781232224028,396.6532894204169
0.054122828228228226,386.8529544285836,378.00856087278135,395.69734798438583
0.05420115913413413,382.5321396392697,377.2029604673429,387.8613188111965
0.05427949004004004,382.52379640787393,377.25618322649973,387.79140958924813
0.05435782094594595,382.48382713847946,377.24683218750016,387.72082208945875
0.054436151851851855,382.4438578690849,377.2374039817642,387.65031175640564
0.054514482757757755,382.4038885996904,377.22789724331903,387.57987995606175
0.05459281366366366,382.3639193302959,377.21831057739945,387.5095280831924
0.05467114456956957,382.3280824015056,377.2071447031964,387.4490200998148
0.05474947547547548,382.28784107578275,377.1593207730939,387.4163613784716
0.054827806381381385,382.23665224696856,377.0920247380791,387.38127975585803
0.054906137287287285,382.1854634181543,377.0245968052012,387.3463300311074
0.05498446819319319,382.1344768155111,376.95696648936945,387.31198714165276
0.0550627990990991,382.0869349540755,376.89021134934455,387.28365855880645
0.05514113000500501,382.0840101859999,376.9140892967773,387.25393107522245
0.055219460910910914,382.0774930525015,376.9331152653631,387.2218708396399
0.055297791816816814,382.0590738392801,376.9360784028147,387.18206927574545
0.05537612272272272,382.03902647304466,376.93930380129035,387.13874914479896
0.05545445362862863,382.03570323956865,376.9664737203642,387.1049327587731
0.055532784534534536,382.0367142807907,376.99948996028513,387.0739386012963
0.055611115440440444,382.0377253220128,377.0324850274806,387.042965616545
0.055689446346346344,382.05130625120484,377.06085670662685,387.0417557957828
0.05576777725225225,382.16831743407664,377.0510498144327,387.2855850537206
0.05584610815815816,382.3208457944959,377.01601645982157,387.6256751291702
0.055924439064064066,382.30999116524714,377.03325558265226,387.586726747842
0.05600276996996997,382.29913653599846,377.05036332048275,387.54790975151417
0.056081100875875874,382.2419026317811,376.9762589166804,387.5075463468818
0.05615943178178178,382.17721090090544,376.88745051269854,387.46697128911234
0.05623776268768769,382.0875807778477,376.76956438895945,387.4055971667359
0.056316093593593596,382.01630235713566,376.68026637872214,387.3523383355492
0.0563944244994995,381.96318342060493,376.61836380240294,387.30800303880693
0.0564727554054054,381.91006448407416,376.55627798513206,387.26385098301625
0.05655108631131131,381.8554355744247,376.4945652869279,387.21630586192146
0.05662941721721722,381.8438686960606,376.51978141950985,387.16795597261137
0.056707748123123125,381.83754119917506,376.55539711521357,387.11968528313656
0.05678607902902903,381.8312137022894,376.59095583043404,387.07147157414477
0.05686440993493493,381.9242837096615,376.5645338578018,387.2840335615212
0.05694274084084084,382.02630899918785,376.5038653024722,387.5487526959035
0.05702107174674675,382.01842591253325,376.4844558440026,387.5523959810639
0.057099402652652655,381.9843953477685,376.4703745258477,387.4984161696893
0.05717773355855856,381.9452625028409,376.44628484082745,387.4442401648543
0.05725606446446446,381.9017650716002,376.4159994553913,387.38753068780915
0.05733439537037037,381.8577923679755,376.3850078611673,387.3305768747837
0.05741272627627628,381.81476954206147,376.3536443142604,387.27589476986253
0.057491057182182184,381.7717467161474,376.32226924784055,387.22122418445423
0.05756938808808809,381.7259170131658,376.2868730920474,387.16496093428424
0.05764771899399399,381.67905629999103,376.24997510651235,387.1081374934697
0.0577260498998999,381.631900637886,376.2131581297395,387.05064314603254
0.057804380805805806,381.58455162996785,376.1763836338947,386.992719626041
0.057882711711711714,381.5372026220498,376.13957752847926,386.9348277156203
0.05796104261761762,381.49641554123883,376.1122157233938,386.8806153590839
0.05803937352352352,381.45731453924935,376.08867932605517,386.82594975244353
0.05811770442942943,381.41713630865905,376.0655572032248,386.7687154140933
0.058196035335335336,381.3814806837831,376.0499028692417,386.7130584983245
0.05827436624124124,381.36537224047396,376.0668017223047,386.6639427586432
0.05835269714714715,381.34909587530274,376.0837572258269,386.6144345247786
0.05843102805305305,381.32373354805804,376.08974428151885,386.55772281459724
0.05850935895895896,381.2793704081091,376.05948802219535,386.4992527940229
0.058587689864864866,381.231512374078,376.0223885126684,386.44063623548766
0.05866602077077077,381.18365434004704,375.98523600698195,386.38207267311213
0.05874435167667668,381.136627744589,375.94771378992476,386.3255416992533
0.05882268258258258,381.09004730142647,375.9099702201553,386.27012438269765
0.05890101348848849,381.04346685826386,375.87217524077323,386.2147584757545
0.058979344394394395,380.9994879154718,375.8380001767643,386.16097565417925
0.0590576753003003,381.01008554691936,375.9102997565641,386.1098713372746
0.05913600620620621,380.9715047664875,375.89310777514953,386.04990175782547
0.05921433711211211,380.93240680955404,375.87606598995797,385.9887476291501
0.05929266801801802,380.8933088526205,375.85897756302927,385.92764014221177
0.059370998923923925,380.85066444852424,375.8368627005801,385.86446619646836
0.05944932982982983,380.7956914343461,375.7974156260063,385.79396724268594
0.05952766073573574,380.7396608256997,375.7583595353825,385.72096211601684
0.05960599164164164,380.6837065515055,375.7200195378197,385.6473935651913
0.05968432254754755,380.63450834996405,375.6911960110233,385.5778206889048
0.059762653453453454,380.5853101484226,375.66236909983434,385.50825119701085
0.05984098435935936,380.53611194688114,375.6335387620642,385.4386851316981
0.05991931526526526,380.49098802306435,375.6059531478817,385.376022898247
0.05999764617117117,380.4474819621928,375.5797554550358,385.3152084693498
0.060075977077077077,380.4039759013214,375.55354818443317,385.25440361820966
0.060154307982982984,380.36046984044987,375.5273312332311,385.1936084476686
0.06023263888888889,380.3169958827752,375.5010924932936,385.1328992722568
0.06031096979479479,380.2734702818421,375.47461942377197,385.0723211399122
0.0603893007007007,380.21113118697025,375.42186388021844,385.00039849372206
0.060467631606606606,380.1487920920984,375.3690338464452,384.92855033775163
0.06054596251251251,380.08645299722656,375.31612887699055,384.85677711746257
0.06062429341841842,380.0246630334987,375.2656199407657,384.7837061262317
0.06070262432432432,379.96278331874737,375.2158732388982,384.7096933985965
0.06078095523023023,379.9009036039959,375.1660728597418,384.63573434825
0.060859286136136136,379.8390238892446,375.1162183914318,384.56182938705734
0.06093761704204204,379.7771441744931,375.0663094197513,384.48797892923494
0.06101594794794795,379.7154136167447,375.0162883088443,384.41453892464506
0.06109427885385385,379.6586861904562,374.9733592200756,384.34401316083677
0.06117260975975976,379.61238121183777,374.9454387593904,384.27932366428513
0.061250940665665665,379.56607623321923,374.9175139771884,384.2146384892501
0.06132927157157157,379.4960887865448,374.843429816732,384.14874775635764
0.06140760247747748,379.42093694955656,374.7698488710768,384.0720250280363
0.06148593338338338,379.33572933581695,374.69554993352057,383.97590873811333
0.06156426428928929,379.24778447412496,374.61720735629433,383.8783615919556
0.061642595195195195,379.172058770341,374.5628547423305,383.78126279835146
0.0617209261011011,379.11019737007365,374.5358578820882,383.6845368580591
0.06179925700700701,379.05050201065205,374.5118922375274,383.58911178377673
0.06187758791291292,375.90752881891325,374.5950043374715,377.220053300355
0.061955918818818824,375.8836863629617,374.56689516071094,377.2004775652125
0.06203424972472473,375.85984390701026,374.5387859839505,377.18090183007
