True Strain,True Stress (MPa),Lower Bound (MPa),Upper Bound (MPa)
-0.00023534769209566,2.2648377462688334,2.2648377462688334,2.2648377462688334
-0.0001529109495425893,-0.12517872231813004,-0.2585556049068763,0.008198160270616216
-7.048100224597744e-05,-0.33883152466557553,-0.37328971273919226,-0.30437333659195875
1.194215091445954e-05,3.6460650630456417,-1.1021690798391999,8.394299205930484
9.43585110587286e-05,5.888923860740477,-2.265080481686206,14.04292820316716
0.0001767680793061158,1.8974052363054086,-2.57217509305453,6.366985565665347
0.0002591708567764074,11.585260990218325,-3.00783483211194,26.17835681254859
0.0003415668445882251,20.37293108606343,3.120702078922359,37.62516009320451
0.00042395604386080184,29.383594463063304,4.888799550523254,53.878389375603355
0.0005063384557124281,44.489007347214155,23.865981544159812,65.11203315026852
0.0005887140812611182,50.736043533131266,36.59653714403007,64.87554992223247
0.0006710829216252756,52.53042874213649,39.184790158491,65.87606732578199
0.0007534449779221401,60.829032529426755,52.94801787823781,68.7100471806157
0.0008358002512695628,66.64499143287665,56.29023349118499,76.99974937456831
0.0009181487427844533,70.73121212928761,63.20949619570688,78.25292806286835
0.001000490453583445,82.04542868562285,67.12944276867243,96.96141460257327
0.0010828253847835613,90.63283228628045,79.68524579669727,101.58041877586362
0.001165153537500662,100.07188175366868,94.54385037555885,105.59991313177851
0.001247474912851219,100.93819362312463,91.31800092065698,110.55838632559228
0.0013297895119507629,109.31661151941861,102.1379256783333,116.49529736050393
0.0014120973359145487,115.35613221783645,108.34641970041623,122.36584473525664
0.0014943983858582218,124.86941607871962,117.51229350889722,132.226538648542
0.0015766926628962648,133.97521342644333,128.36549898526292,139.58492786762375
0.001658980168143772,140.45429830312213,135.70884787757709,145.1997487286672
0.0017412609027148975,145.02840213958308,140.02046736713817,150.036336912028
0.0018235348677235206,151.559223803945,143.48767058402927,159.6307770238607
0.0019058020642839105,155.22637766366032,143.8150594905605,166.63769583676017
0.0019880624935091746,159.5128123555938,148.78884634813278,170.2367783630548
0.0020703161565130326,167.5209908968942,157.04941549280792,177.9925663009805
0.002152563054408264,177.83013708504458,168.33117815247587,187.32909601761332
0.002234803188307374,188.9477838333625,184.50799509003818,193.38757257668684
0.002317036559323259,192.49088398304374,188.21571431559505,196.76605365049244
0.0023992631685676533,196.76453438451227,191.84982244943401,201.6792463195905
0.0024814830171529033,204.37675256334128,192.93119635895002,215.82230876773258
0.002563696106190417,206.3486220111643,198.88077637404902,213.8164676482796
0.0026459024367913283,213.18057503971144,200.46822284542623,225.89292723399663
0.0027281020100671616,218.75261295710897,207.40862144070624,230.09660447351166
0.002810294827128281,224.54748398469508,214.1033063300931,234.99166163929706
0.002892480889085662,233.91798656359825,225.33268088037522,242.50329224682127
0.0029746601970493435,239.296242143453,232.40777966769468,246.1847046192113
0.0030568327521290897,243.2121971255997,236.5960533035099,249.82834094768947
0.003138998555435056,248.39197969141674,240.8968072676643,255.88715211516916
0.0032211576080762375,254.64433909941843,247.2495176704446,262.0391605283923
0.0033033099111622432,259.75953095150453,254.8497830593709,264.66927884363815
0.003385455465801743,268.55081239039873,259.2102634076162,277.89136137318127
0.0034675942731031343,269.04786999847465,262.9670426813967,275.1286973155526
0.0035497263341752057,275.3793509175725,267.3831786091972,283.37552322594775
0.003631851650125587,279.06783600334984,271.1411945128096,286.9944774938901
0.0037139702220625194,284.2332910689808,275.6126013650467,292.8539807729149
0.0037960820510933094,286.6664466013726,278.70719548350286,294.6256977192424
0.003878187138324989,293.92659846037816,284.8460361508315,303.0071607699248
0.0039602854848649815,297.35240290189006,292.9089417427641,301.79586406101595
0.0040423770918195535,301.77227728591726,297.1457474862433,306.3988070855913
0.004124461960295583,301.8761441569633,299.6894287116026,304.0628596023239
0.004206540091399012,307.84150252279835,304.79120380832063,310.89180123727607
0.004288611486235511,310.5309521857117,306.246482009165,314.81542236225846
0.004370676145911142,315.4863329426322,311.36772353989124,319.60494234537316
0.004452734071530807,316.970855386137,312.2526634011533,321.68904737112064
0.004534785264200025,320.77858966746703,318.7059116038687,322.8512677310654
0.004616829725023377,323.10042442246805,320.19742847683614,326.00342036809997
0.004698867455105172,324.81868882727974,321.56134235152496,328.07603530303453
0.004780898455550111,326.24599842177616,322.79699138878976,329.69500545476257
0.004862922727461741,328.1002020262192,324.4236870287406,331.77671702369787
0.004944940271944216,329.4866394640216,325.778168588851,333.19511033919224
0.005026951090100763,330.5606517984966,327.0051541341734,334.11614946281986
0.005108955183034331,331.7696668966016,328.08100498599396,335.45832880720934
0.005190952551848263,333.0127775002274,329.71587510989735,336.3096798905574
0.005272943197644748,334.2512058566171,331.27429939779074,337.22811231544347
0.005354927121526586,334.99786046764467,332.4608074924613,337.53491344282804
0.005436904324595644,335.622219673097,332.766006804655,338.478432541539
0.0055188748079535175,336.30004443021755,333.36630838571534,339.2337804747197
0.005600838572702193,337.0243835862207,334.0407639242878,340.0080032481536
0.005682795619942505,337.7195565590825,334.52768347683013,340.9114296413348
0.005764745950775899,338.0898552020917,334.9316055105909,341.24810489359254
0.005846689566302887,338.5849479844561,335.39327823589656,341.77661773301566
0.005928626467623711,339.1287856219365,335.8899307603157,342.3676404835573
0.006010556655839005,339.52305252483023,336.19280691246786,342.85329813719267
0.00609248013204825,339.86510917260466,336.46708928324307,343.2631290619663
0.006174396897351537,340.25458304477877,336.93887346485917,343.57029262469837
0.006256306952848029,340.61616606354045,337.4324815699417,343.7998505571392
0.006338210299636616,340.87381389224805,337.76858432358165,343.9790434609144
0.006420106938816581,341.19357878594735,338.14212697664846,344.24503059524625
0.006501996871486052,341.48429775918805,338.47621807166826,344.4923774467078
0.006583880098743774,341.81467861499783,338.88908633336354,344.7402708966321
0.006665756621687556,342.1377297978781,339.3675322859369,344.9079273098193
0.006747626441414941,342.3353802055504,339.63620531054096,345.0345551005599
0.006829489559023861,342.5013308348054,339.8425118541082,345.1601498155026
0.0069113459756111,342.72109487622885,340.03036057593636,345.41182917652134
0.00699319569227405,343.25162815312086,340.1673740685578,346.3358822376839
0.007075038710109176,343.5336766940769,340.51555008893723,346.5518032992166
0.007156875030212672,343.8078293902858,340.9270087880289,346.6886499925427
0.007238704653681124,344.1630314681978,341.0811005692724,347.24496236712326
0.00732052758160997,344.36470050547706,341.2012878483087,347.52811316264535
0.007402343815095255,344.4976505158828,341.35688816462783,347.6384128671378
0.0074841533552321,344.64737892414973,341.52900788641267,347.7657499618868
0.007565956203115353,344.8867227370054,341.7206272408207,348.0528182331902
0.007647752359840257,345.130992631988,341.96684384886936,348.2951414151067
0.007729541826500904,345.3548610769206,342.2052355954076,348.50448655843354
0.007811324604191998,345.55071807555584,342.3872452447565,348.71419090635516
0.007893100694007314,345.7487897473687,342.5381137787249,348.95946571601246
0.00797487009704036,345.94688919128794,342.6880011069501,349.20577727562574
0.008056632814385034,346.117109175317,342.8577725890401,349.3764457615939
0.008138388847134088,346.2965037800057,343.0470412187207,349.54596634129075
0.008220138196380884,346.471188318692,343.2309562039716,349.7114204334124
0.008301880863217858,346.6250083689964,343.3819935268884,349.8680232111044
0.008383616848737173,346.78099720101164,343.5712528058888,349.99074159613446
0.00846534615403139,346.92267564826466,343.75702360642583,350.0883276901035
0.008547068780191923,347.094709098793,343.9649557216856,350.22446247590034
0.00862878472831079,347.34112626905954,344.16585147384774,350.51640106427135
0.008710493999479091,347.47288174506684,344.26449325372374,350.68127023641
0.008792196594787654,347.6300656110282,344.35669562756266,350.90343559449377
0.008873892515327698,347.8114654835247,344.45651485019647,351.166416116853
0.008955581762189298,347.95027398226193,344.58336730906916,351.3171806554547
0.00903726433646314,348.1116806583151,344.7653482619796,351.45801305465056
0.009118940239238984,348.2800496358364,344.9536708643022,351.6064284073707
0.00920060947160632,348.4627427110562,345.1550012174629,351.77048420464945
0.009282272034655037,348.7234620258342,345.4251482166569,352.02177583501145
0.00936392792947387,348.90930692709054,345.661071115267,352.15754273891406
0.009445577157152172,349.00803642995186,345.84743226765823,352.1686405922454
0.009527219718778368,349.07319303071927,345.99202847627004,352.15435758516855
0.009608855615440616,349.28928375071405,346.08306480327224,352.4955026981559
0.00969048484822747,349.396743802404,346.1671907717463,352.6262968330617
0.00977210741822633,349.5554511937413,346.2830047820696,352.827897605413
0.00985372332652522,349.7573274370519,346.42992357807805,353.0847312960258
0.00993533257421123,349.9414355885391,346.5705408881829,353.3123302888953
0.010016935162371189,350.10635134090603,346.70134210165315,353.51136058015885
0.010098531092092314,350.2316082727015,346.8390178694885,353.6241986759145
0.010180120364460681,350.35461153775964,346.9687707908007,353.7404522847185
0.01026170298056298,350.49301361875825,347.10633142481913,353.8796958126973
0.01034327894148497,350.6326601865487,347.24420796712053,354.02111240597696
0.010424848248312153,350.75717968955126,347.3600537136119,354.15430566549065
0.010506410902130416,350.83811819936426,347.4359538070235,354.24028259170495
0.010587966904024507,350.91906524495727,347.51151614240433,354.3266143475102
0.010669516255079784,351.01341452481137,347.61132714173425,354.4155019078885
0.010751058956380682,351.18421668768565,347.8148460908944,354.5535872844769
0.010832595009011374,351.3749984492303,348.0275572276786,354.72243967078197
0.010914124414056418,351.5570814204782,348.2255476928705,354.8886151480859
0.01099564717259924,351.7080737824706,348.40580396665433,355.0103435982869
0.01107716328572387,351.7732387936451,348.5840378343717,354.9624397529185
0.011158672754513417,351.8171091292667,348.7020751389287,354.93214311960475
0.011240175580050726,351.8691719874244,348.8015726814147,354.9367712934341
0.011321671763419036,352.3076476027216,348.78985944443,355.82543576101324
0.011403161305700444,352.46635206766945,348.88203579218185,356.050668343157
0.011484644207977656,352.62750208944703,348.97787680842873,356.27712737046534
0.01156612047133246,352.7799863814698,349.0666259597516,356.49334680318805
0.011647590096846376,352.7902822968203,349.27939277720935,356.30117181643124
0.011729053085601323,352.73059544903106,349.6136234317091,355.84756746635304
0.01181050943867807,352.9803971972749,349.876415368049,356.0843790265008
0.011891959157158006,353.15513698052825,350.028608689222,356.28166527183447
0.011973402242121598,353.24333160278707,350.09433576373596,356.3923274418382
0.012054838694649043,353.33401502176235,350.16110084662137,356.5069291969033
0.012136268515820938,353.4365653426876,350.2314774405054,356.6416532448697
0.012217691706716736,353.5984832403362,350.3321671973777,356.86479928329464
0.012299108268416504,353.7782189828729,350.45398429550806,357.1024536702377
0.012380518201999388,353.9610353666374,350.58317947566854,357.33889125760635
0.01246192150854427,354.0899998114768,350.6850049100579,357.4949947128957
0.012543318189130426,354.18251253065046,350.76828001149875,357.59674504980217
0.012624708244835994,354.2705536513728,350.84665681631736,357.6944504864282
0.012706091676739719,354.3522544030981,350.9080942728114,357.7964145333848
0.012787468485919431,354.4684590649396,350.9964772638623,357.94044086601696
0.012868838673452699,354.60929957818774,351.1383771416098,358.08022201476575
0.012950202240417479,354.7316892594879,351.2714019950066,358.1919765239692
0.013031559187890592,354.8716208164064,351.4135643063464,358.32967732646637
0.013112909516949472,355.04575899368695,351.57428680640294,358.5172311809709
0.013194253228670634,355.1867713164201,351.7245901601212,358.64895247271903
0.013275590324130327,355.326616313796,351.8777899386417,358.77544268895036
0.013356920804405198,355.4148099145761,352.07972227154727,358.7498975576049
0.013438244670570754,355.6183706578313,352.2919027218468,358.94483859381586
0.013519561923703115,355.8094019906323,352.486685130836,359.1321188504285
0.01360087256487748,355.7886511156497,352.62603153417626,358.95127069712316
0.01368217659516879,355.95627439418274,352.7118265368574,359.20072225150807
0.013763474015652378,356.1426902858998,352.7752421011458,359.51013847065377
0.013844764827402439,356.23482626815036,352.865891727156,359.6037608091447
0.013926049031493783,356.32147956517366,352.9315874156389,359.71137171470843
0.014007326629000299,356.4340229748664,352.98765109674645,359.8803948529864
0.014088597620995614,356.5728354507315,353.0569336641749,360.088737237288
0.014169862008553757,356.69109053692705,353.13679726333373,360.2453838105204
0.014251119792747608,356.78440456580415,353.22395159594345,360.34485753566486
0.014332370974650671,356.91420045078394,353.3430914527068,360.48530944886113
0.014413615555335525,357.0328060207463,353.44745332857525,360.6181587129173
0.014494853535874494,357.1316574277672,353.54264705649166,360.72066779904276
0.01457608491734029,357.22709796016176,353.64968043145876,360.8045154888648
0.014657309700804495,357.33377572447074,353.7925583638761,360.87499308506546
0.014738527887339299,357.44787407952884,353.93303564472444,360.9627125143332
0.01481973947801598,357.56461075879463,354.06962082558334,361.05960069200586
0.014900944473905551,357.66476093262395,354.16519412024434,361.1643277450035
0.014982142876079423,357.77557632808765,354.27923648979646,361.27191616637884
0.015063334685607868,357.9504897013169,354.539751221133,361.3612281815008
0.015144519903561778,358.169011664693,354.84391215580695,361.4941111735791
0.01522569853101112,358.3027984965284,354.9555692218929,361.6500277711639
0.015306870569025606,358.4297275725142,355.051967155235,361.80748798979334
0.015388036018675343,358.5510684393084,355.1437310588722,361.9584058197445
0.015469194881029302,358.6730840621983,355.233859876645,362.1123082477516
0.015550347157157068,358.7732361845081,355.33093532877166,362.21553704024456
0.01563149284812731,358.85867317768515,355.40588322826386,362.3114631271065
0.015712631955008438,358.9541003399442,355.49206188491564,362.4161387949727
0.015793764478869255,359.0539487423609,355.5708120507144,362.53708543400745
0.015874890420777433,359.1466504110701,355.650522087607,362.6427787345332
0.015956009781801252,359.2195419391188,355.6968726567928,362.74221122144485
0.01603712256300809,359.29181080570413,355.73387322442204,362.84974838698616
0.01611822876546505,359.38953217617956,355.7911755051867,362.98788884717237
0.016199328390239638,359.5161763107847,355.9175342683171,363.1148183532523
0.016280421438398227,359.6465405208748,356.05010065514404,363.2429803866056
0.0163615079110078,359.7759162332282,356.18177416451664,363.37005830193976
0.016442587809134435,359.9053081966078,356.3133963996083,363.49721999360725
0.016523661133843938,360.03872440850176,356.4388139975951,363.63863481940837
0.01660472788620252,360.16730685013243,356.5456683111866,363.78894538907826
0.01668578806727525,360.2920133696675,356.64545441206127,363.93857232727373
0.01676684167812783,360.3772044033219,356.73165991606385,364.02274889058
0.016847888719825024,360.48264083763235,356.88674321410576,364.0785384611589
0.016928929193431353,360.61252522783457,357.1055103027533,364.1195401529158
0.017009963100011728,360.73606260321253,357.2925490169091,364.17957618951596
0.017090990440629932,360.80068632021033,357.31896212932764,364.282410511093
0.01717201121635036,360.88627891505075,357.3718841130617,364.4006737170398
0.01725302542823649,360.9782745526979,357.4337680293801,364.5227810760157
0.01733403307735155,361.0818991721243,357.5250115381818,364.63878680606683
0.017415034164759157,361.20095438099867,357.6585752287633,364.74333353323397
0.017496028691521802,361.3290790571204,357.76929024356895,364.88886787067185
0.017577016658702586,361.44490325693477,357.84501459741807,365.0447919164515
0.0176579980673637,361.55957770768197,357.94331671135086,365.1758387040131
0.017738972918567075,361.59383895576457,358.0566144891218,365.13106342240735
0.017819941213375042,361.5771182098822,358.1753315364668,364.97890488329756
0.017900902952848796,361.81503553239713,358.240671931596,365.38939913319825
0.01798185813805015,362.00676979152536,358.3639366076126,365.6496029754381
0.018062806770040008,362.13190714944403,358.48695692098676,365.77685737790136
0.01814374884987901,362.25691233669835,358.60975535644224,365.90406931695446
0.018224684378628196,362.3756018962798,358.72854878620836,366.0226550063513
0.018305613357347476,362.4795674350586,358.8467646093929,366.1123702607242
0.01838653578709738,362.5835620625003,358.96093238190264,366.2061917430979
0.018467451668937512,362.6858799314002,359.07002854568213,366.30173131711837
0.018548361003927233,362.78523380333655,359.17435913052697,366.39610847614614
0.018629263793126297,362.9600280030364,359.39741690211406,366.5226391039588
0.018710160037593324,363.1361936536305,359.61664218880424,366.6557451184568
0.018791049738387557,363.2331472511657,359.7091484266106,366.75714607572075
0.01887193289656732,363.3336353512259,359.7581630243473,366.90910767810453
0.01895280951319069,363.4271986180842,359.8080863937904,367.0463108423781
0.01903367958931613,363.51627214153893,359.85522374981775,367.1773205332601
0.019114543126000978,363.6063428013899,359.9027280892475,367.30995751353237
0.019195400124303194,363.69025841937787,359.95001352829934,367.43050331045634
0.019276250585279823,363.7503970305011,360.0032221179145,367.4975719430877
0.019357094509987648,363.8326995005154,360.11254484588613,367.5528541551447
0.019437931899483857,363.94235654050004,360.22388995598885,367.6608231250112
0.019518762754824507,364.0706834766847,360.35077066033654,367.7905962930329
0.019599587077066275,364.1929163168773,360.4632539640679,367.92257866968663
0.01968040486726492,364.3024345804596,360.5565012626495,368.0483678982697
0.019761216126475953,364.3923795235079,360.6428348589475,368.14192418806823
0.019842020855755274,364.5134690530899,360.7767928403996,368.2501452657803
0.019922819056157667,364.6521350277656,360.9436690199693,368.36060103556184
0.02000361072873852,364.8051277842811,361.14032102008133,368.46993454848086
0.020084395874552317,364.89963853771945,361.25516393143647,368.5441131440024
0.020165174494653295,365.0268182147664,361.36713134954,368.6865050799928
0.02024594659009607,365.180650221807,361.4760400047927,368.8852604388213
0.02032671216193415,365.2913010822404,361.5655466444433,369.0170555200375
0.020407471211221644,365.41200164298596,361.6686839227323,369.1553193632395
0.020488223739011765,365.53058753073407,361.7696977794816,369.29147728198654
0.02056896974635746,365.63364603647443,361.85177052737765,369.4155215455712
0.020649709234312086,365.6963606399381,361.93970237299266,369.45301890688364
0.020730442203927862,365.7575230656455,362.0233436509077,369.49170248038325
0.020811168656257626,365.90602110223335,362.1664594559457,369.64558274852095
0.020891888592353317,366.08792847661175,362.28008317738835,369.8957737758351
0.020972602013266606,366.17239791716156,362.37174644508934,369.97304938923384
0.02105330892004957,366.2549874822476,362.4592607413976,370.05071422309766
0.021134009313753165,366.33039807752357,362.52744045198483,370.13335570306236
0.02121470319542895,366.4029675096194,362.5895902151547,370.21634480408403
0.021295390566127587,366.49295019689424,362.68018714594854,370.30571324783995
0.021376071426899484,366.5953190324807,362.78975864472767,370.40087942023376
0.02145674577879544,366.6976206749102,362.8986046545509,370.4966366952694
0.02153741362286514,366.8394364081452,363.05097824356784,370.6278945727226
0.02161807496015887,367.01466605712966,363.24948353285606,370.77984858140326
0.021698729791726025,367.1826468090502,363.413509518056,370.95178410004445
0.021779378118615737,367.292430234867,363.4716536923831,371.1132067773509
0.02186001994187754,367.3600444757301,363.53611422066416,371.183974730796
0.021940655262559842,367.41797067093563,363.6038164975212,371.23212484435004
0.02202128408171167,367.431024606705,363.6669804052922,371.19506880811787
0.022101906400381142,367.4064047444227,363.69982601452125,371.11298347432415
0.022182522219616127,367.44440400173215,363.7649100138453,371.12389798961897
0.022263131540464887,367.6362736221034,363.83876439576585,371.4337828484409
0.022343734363974563,367.8082485042047,363.9092620675367,371.7072349408727
0.022424330691192915,367.89137870561285,363.97452091782316,371.8082364934026
0.022504920523166796,367.9689243401563,364.02642539602516,371.9114232842875
0.022585503860942803,368.072569216676,364.1083882974586,372.0367501358935
0.02266608070556794,368.1852777906095,364.19816676719796,372.1723888140211
0.022746651058088076,368.2841802181701,364.3377321482144,372.23062828812584
0.02282721491954971,368.4171049856925,364.4667112626426,372.3674987087424
0.022907772290998427,368.55774310501533,364.59601130397834,372.5194749060523
0.022988323173479562,368.694236623959,364.72547105442453,372.6630021934935
0.02306886756803885,368.8282446075955,364.84940395289914,372.8070852622919
0.023149405475720905,368.94954600087505,364.940367289596,372.95872471215415
0.023229936897570955,369.06870150031887,365.0344392926922,373.10296370794555
0.023310461834633322,369.1838466601386,365.12751341333427,373.240179906943
0.023390980287952088,369.19934712559916,365.2468062417858,373.1518880094126
0.023471492258571716,369.2364341288562,365.3556741264496,373.11719413126275
0.023551997747535563,369.35915388515104,365.437089492469,373.2812182778331
0.023632496755887595,369.4653922230066,365.51328385197985,373.4175005940333
0.023712989284670874,369.5915730428651,365.6152340938404,373.5679119918898
0.02379347533492822,369.6978412231851,365.7465130669772,373.649169379393
0.023873954907702836,369.7876625164544,365.8706505519554,373.7046744809535
0.023954428004036823,369.837725722992,365.94085394202415,373.7345975039599
0.024034894624972884,369.88961697705827,366.01031099405594,373.7689229600606
0.024115354771552824,369.9401551380189,366.07533371868095,373.8049765573569
0.0241958084448182,370.05076450982705,366.1538829679034,373.94764605175067
0.024276255645810967,370.1655793109981,366.2290941946753,374.10206442732084
0.02435669637557196,370.2470614008472,366.2907303765511,374.20339242514336
0.024437130635142624,370.3387035173756,366.36726492179156,374.31014211295974
0.024517558425563517,370.43024148416066,366.4548216472852,374.4056613210361
0.02459797974787493,370.50491686829696,366.54557799009837,374.4642557464955
0.02467839460311757,370.57932266689664,366.63604046993566,374.5226048638577
0.024758802992331005,370.6395140778063,366.6939712250621,374.58505693055054
0.02483920491655544,370.75078246126543,366.77218791543055,374.7293770071003
0.024919600376830168,370.88621097900227,366.85216323772414,374.9202587202804
0.024999989374194228,371.01676028702644,366.93498160402936,375.0985389700235
0.02508037190968707,371.1486581544531,367.017467662399,375.27984864650716
0.025160747984347014,371.25562365301823,367.0982085302179,375.4130387758186
0.02524111759921301,371.32587096573167,367.17114727928106,375.48059465218233
0.025321480755323096,371.39462436189973,367.24353054885404,375.54571817494536
0.025401837453715066,371.47607556337687,367.3448785782646,375.6072725484891
0.025482187695427105,371.4980325116913,367.45198850322595,375.5440765201567
0.025562531481496297,371.5263987084701,367.56162771365524,375.4911697032849
0.02564286881296033,371.6380671077833,367.6370986567152,375.63903555885145
0.025723199690855993,371.7382770858758,367.70919058781016,375.7673635839414
0.02580352411621983,371.81950725339397,367.79351295387323,375.84550155291464
0.025883842090088784,371.92378170667854,367.9469609914247,375.9006024219324
0.02596415361349868,372.0288664119317,368.10108515725625,375.9566476666072
0.02604445868748596,372.1317310091535,368.2543529501989,376.0091090681081
0.026124757313086167,372.2096990596679,368.4018064634066,376.01759165592915
0.026205049491334592,372.23294363113445,368.4203631593675,376.0455241029014
0.02628533522326693,372.2943244820189,368.431161143197,376.1574878208408
0.026365614509917763,372.4142240938933,368.45177633851665,376.37667184926994
0.02644588735232228,372.46554311693313,368.47286548298536,376.4582207508809
0.026526153751514785,372.5227387768161,368.51506391028414,376.530413643348
0.026606413708529317,372.5771225511653,368.56865999027536,376.5855851120552
0.026686667224400332,372.6611142846711,368.6509409944837,376.6712875748586
0.026766914300161156,372.7499614359481,368.7364745577725,376.7634483141237
0.026847154936845745,372.83577955601095,368.80417559099345,376.86738352102844
0.026927389135487145,372.945856729551,368.88172069840556,377.0099927606964
0.027007616897118163,373.0503823002104,368.96007212931937,377.1406924711015
0.027087838222771998,373.10820519638236,369.00262893977197,377.2137814529927
0.02716805311348075,373.17321569787265,369.0650955502418,377.2813358455035
0.027248261570277113,373.2397784567662,369.13054575574205,377.3490111577904
0.027328463594192907,373.3302874486756,369.22698406379004,377.4335908335612
0.027408659186259687,373.44910336628584,369.3559760751778,377.5422306573938
0.027488848347509413,373.3888967236168,369.51826921455967,377.25952423267404
0.02756903107897294,373.49055600284635,369.63010881137245,377.35100319432024
0.027649207381681726,373.55682553709846,369.6953266555416,377.41832441865535
0.027729377256666347,373.62339642748015,369.761102083563,377.4856907713973
0.02780954070495712,373.77261517886933,369.8126533782565,377.73257697948213
0.027889697727584768,373.964858803675,369.8526632590956,378.07705434825436
0.0279698483255789,374.02068748752646,369.9168564580587,378.12451851699416
0.02804999249996974,374.06832049051985,370.0034996707421,378.1331413102976
0.02813013025178662,374.1457887985669,370.0942831013197,378.1972944958141
0.02821026158205862,374.22606993778754,370.18870635864886,378.26343351692617
0.028290386491815228,374.3932581465813,370.30061437520504,378.4859019179575
0.028370504982084814,374.4818356337975,370.3958665636809,378.5678047039141
0.028450617053896367,374.27069442686053,370.3800078995335,378.16138095418756
0.02853072270827798,374.4823805018344,370.47602942126474,378.4887315824041
0.0286108219462575,374.57939974388603,370.53380405342705,378.624995434345
0.028690914768863172,374.66489787940935,370.58178811751236,378.7480076413063
0.028771001177122137,374.74279092795626,370.62505284612985,378.8605290097826
0.028851081172062146,374.82175862477106,370.6777673674419,378.9657498821003
0.02893115475471006,374.99239806699273,370.7644146264454,379.2203815075401
0.029011221926092488,375.06355724507546,370.86517446520537,379.26194002494555
0.029091282687236444,375.18196250303225,371.0041266040981,379.3597984019664
0.029171337039167834,375.32827632499175,371.13328695756155,379.52326569242194
0.029251384982913173,375.4727927907607,371.26210349932916,379.6834820821923
0.029331426519498095,375.5940399717659,371.38536557909924,379.8027143644325
0.029411461649947974,375.6769700985552,371.4531947816823,379.9007454154281
0.02949149037528859,375.73947465460907,371.49478180000176,379.9841675092164
0.029571512696544622,375.6989398212481,371.5032872391726,379.89459240332354
0.029651528614741355,375.6815807125278,371.54264529932385,379.82051612573173
0.029731538130903182,375.66667436880925,371.58109688415817,379.75225185346034
0.029811541246054257,375.7084720465072,371.63720869596597,379.77973539704846
0.029891537961219128,375.81773408160757,371.7547031891317,379.88076497408343
0.02997152827742124,375.9425680312361,371.87272511600776,380.01241094646434
0.03005151219568465,376.06896259244155,371.98901043399275,380.1489147508904
0.030131489717032528,376.19731129271213,372.104676840615,380.2899457448092
0.03021146084248779,376.3466932102401,372.2086364311764,380.4847499893039
0.030291425573073766,376.560457921993,372.2936983831848,380.82721746080125
0.030371383909812668,376.34419371151205,372.3285317700393,380.3598556529848
0.030451335853727324,376.296099223869,372.34868404971047,380.2435143980276
0.03053128140583968,376.2814548543358,372.35046710900764,380.2124425996639
0.03061122056717143,376.29553346056593,372.4308750655274,380.1601918556045
0.030691153338744667,376.42052540982866,372.48568270484805,380.3553681148093
0.030771079721580386,376.5764216295755,372.57540699212797,380.5774362670231
0.03085099971670019,376.7737693924399,372.7116865531868,380.8358522316929
0.030930913325124796,376.88150985108626,372.80645655373365,380.9565631484388
0.03101082054787467,376.96866264420515,372.9278931588401,381.00943212957014
0.031090721385970695,377.02782429346195,373.0197117168488,381.03593687007503
0.031170615840432625,377.1718833331662,373.0950232479937,381.24874341833873
0.031250503912280854,377.3065496223195,373.15953289812916,381.45356634650983
0.031330385602534865,377.43862381033136,373.21617567739736,381.66107194326537
0.03141026091221391,377.53312010834975,373.2901386762625,381.7761015404371
0.03149012984233764,377.64803310270565,373.3938531524859,381.90221305292545
0.0315699923939246,377.7332075994824,373.45554867800655,382.01086652095825
0.03164984856799395,377.8044389236071,373.4973932265586,382.11148462065563
0.03172969836556396,377.76841813187866,373.54510061538156,381.99173564837577
0.03180954178765267,377.72103420535257,373.58633862269204,381.8557297880131
0.03188937883527849,377.67597879569473,373.6197117817087,381.73224580968076
0.03196920950945876,377.9728252063111,373.7630056875122,382.1826447251099
0.032049033811211415,378.0801230203065,373.8232997934642,382.3369462471487
0.03212885174155351,378.1675175252979,373.8749090808926,382.4601259697032
0.03220866330150186,378.2907011078901,373.9302432962693,382.6511589195108
0.03228846849207366,378.38333665274496,374.01203532854106,382.7546379769488
0.03236826731428503,378.4196214718889,374.10542619994175,382.73381674383603
0.032448059769152694,378.155333003665,374.1639629092939,382.1467030980361
0.032527845857692486,378.172563596538,374.26693551419044,382.0781916788855
0.032607625580919994,378.1943764086102,374.35674064488705,382.0320121723334
0.032687398939851224,378.4580558630642,374.3843679130383,382.5317438130901
0.03276716593550106,378.4821439330167,374.49582385768554,382.4684640083478
0.03284692656888501,378.5155960234581,374.59841410474843,382.4327779421678
0.03292668084101769,378.6695976411522,374.7150050153788,382.62419026692567
0.03300642875291349,378.9002384944999,374.89718312843854,382.9032938605612
0.033086170305587186,379.1219769986048,375.0479779954199,383.1959760017897
0.03316590550005245,379.2163814192654,375.0726432593855,383.3601195791454
0.03324563433732359,379.24952957408544,375.07000355735096,383.4290555908199
0.033325356818414,379.2672940666351,375.0880332467328,383.44655488653746
0.033405072944336846,379.33151912383084,375.12289903200195,383.5401392156597
0.0334847827161057,379.38953090997643,375.12496539385165,383.6540964261012
0.033564486134733035,379.3820565892227,375.1332114285294,383.63090174991595
0.03364418320123192,379.34298792924284,375.1395269492671,383.5464489092186
0.03372387391661456,379.3339094547961,375.1476070577787,383.52021185181354
0.03380355828189291,379.34178004357426,375.15862132559204,383.52493876155654
0.03388323629807932,379.3807266074402,375.21696814602495,383.5444850688554
0.03396290796618506,379.4970169810979,375.3738706559303,383.6201633062654
0.03404257328722199,379.6027957419424,375.53021478454434,383.6753766993404
0.0341222322622011,379.76428074837077,375.69403000564824,383.83453149109323
0.03420188489213314,379.876466278791,375.8100398906449,383.94289266693704
0.034281531178029255,379.983752760264,375.9160470907925,384.0514584297354
0.03436117112089949,380.0910515114797,376.01875339862715,384.16334962433217
0.034440804721754516,380.136842766616,376.05636243298204,384.2173231002499
0.03452043198160411,380.1126434183475,376.02083628567857,384.2044505510164
0.03460005290145781,380.2465419894114,375.9770925603683,384.5159914184545
0.03467966748232556,380.13152503986896,376.0290055769728,384.23404450276513
0.0347592757252162,380.2494861531472,376.15030750241505,384.3486648038793
0.034838877631139194,380.3946886051158,376.2617503203326,384.52762688989895
0.034918473201103105,380.53456979137815,376.36400336328956,384.70513621946674
0.03499806243611628,380.6670495144767,376.45075676586146,384.8833422630919
0.03507764533718745,380.7741339649783,376.5199937031499,385.0282742268068
0.03515722190532425,380.8304272584289,376.6097021126241,385.05115240423373
0.03523679214153494,380.8920134758593,376.70660258496235,385.0774243667562
0.03531635604682688,380.9370745566309,376.7779025612432,385.09624655201856
0.035395913622207224,380.97747611660776,376.8122274249367,385.1427248082788
0.035475464868683484,381.0428666946932,376.8790237224665,385.20670966691995
0.0355550097872621,381.1885502527432,376.91880943332734,385.4582910721591
0.03563454837895013,381.2128468089749,376.98941968945877,385.436273928491
0.03571408064475374,381.22811685774303,377.046691987195,385.40954172829106
0.03579360658567886,381.2412555880306,377.09864930976596,385.38386186629515
0.03587312620273182,381.24979581954364,377.14465655613856,385.35493508294866
0.03595263949691787,381.28659048465664,377.155650028743,385.41753094057026
0.03603214646924284,381.39265142488466,377.27798696532267,385.5073158844467
0.03611164712071171,381.50390691729854,377.4127765295189,385.5950373050782
0.03619114145232921,381.61365032223864,377.5445456347443,385.68275500973306
0.036270629465100485,381.71937155662096,377.6611723150424,385.7775707981995
0.03635011116002955,381.7831253447069,377.66842171852517,385.8978289708886
0.036429586538121075,381.8032466270071,377.687242520904,385.91925073311023
0.03650905560037883,381.8387825108749,377.7283124403076,385.9492525814422
0.03658851834780633,381.8901859044928,377.77805020802305,386.0023216009626
0.03666797478140754,381.9442446254924,377.8135993171982,386.07488993378655
0.036747424902185286,381.97948116008826,377.8254503142081,386.1335120059684
0.036826868711143025,382.01191113440717,377.8273890128827,386.1964332559316
0.036906306209283334,382.09549373429076,377.88152146211866,386.30946600646286
0.03698573739760855,382.17394820798114,377.9360198554701,386.4118765604922
0.03706516227712141,382.249055987946,377.98686623888415,386.5112457370078
0.03714458084882357,382.32887554905034,378.0532819344519,386.60446916364873
0.03722399311371728,382.409638150883,378.1540534660188,386.66522283574716
0.03730339907280394,382.4707060300235,378.2574058107397,386.6840062493073
0.03738279872708467,382.5273407991972,378.3622867217609,386.6923948766335
0.037462192077561046,382.5840462707625,378.4669851259836,386.7011074155413
0.037541579125233496,382.6390953500077,378.56697501682305,386.71121568319234
0.0376209598711031,382.68783531557114,378.64985207052223,386.72581856062
0.03770033431617005,382.7365781966075,378.73242294326013,386.7407334499549
0.0377797024614343,382.8083199849671,378.8230648108115,386.7935751591227
0.0378590643078962,382.89062764349353,378.9164167385943,386.86483854839275
0.037938419856555015,382.9501538046079,378.99089149718293,386.90941611203283
0.03801776910841062,382.9705730628765,379.0080451800864,386.9331009456665
0.03809711206446202,382.99099073918103,379.02495614809544,386.95702533026656
0.03817644872570798,383.03800180623324,379.0591330813174,387.0168705311491
0.03825577909314766,383.12436434749907,379.1119847684818,387.1367439265163
0.03833510316777913,383.2047674265545,379.1622930672869,387.2472417858221
0.038414420950601096,383.2650175294537,379.158287523361,387.3717475355464
0.03849373244261136,383.3227942912194,379.154267845283,387.4913207371558
0.03857303764480749,383.33988429100896,379.1625352495672,387.51723333245064
0.03865233655818747,383.3702033293718,379.19877730744116,387.5416293513024
0.038731629183748194,383.4496107435218,379.31137278760366,387.58784869944
0.03881091552248715,383.5444727749776,379.43870317817493,387.65024237178017
0.03889019557540098,383.62387859730484,379.5503169877434,387.69744020686625
0.038969469343486066,383.68621992332265,379.63794777268953,387.7344920739557
0.03904873682773919,383.75025211000064,379.7214983857525,387.77900583424884
0.03912799802915607,383.79775253059324,379.7567347248346,387.8387703363519
0.039207252948733014,383.8156353351172,379.7559526776628,387.8753179925716
0.03928650158746547,383.8104848276025,379.72581853426254,387.8951511209425
0.039365743946348626,383.8053286827883,379.694621701246,387.91603566433054
0.03944498002637811,383.84690235070116,379.7291624826559,387.96464221874646
0.03952420982854843,383.90761234579287,379.77770709765946,388.0375175939263
0.039603433353854724,383.9683271414937,379.82559434829824,388.11105993468914
0.03968265060329125,383.93007009268945,379.91275351428845,387.94738667109044
0.039761861577852026,383.8259703156807,380.017721754115,387.63421887724644
0.039841066278531484,383.7225857672217,380.1034459717491,387.34172556269425
0.039920264706322955,383.9016363328362,380.194827451313,387.60844521435934
0.0399994568622204,384.15127242455276,380.26688281696426,388.0356620321412
0.04007864274721689,384.4011224948391,380.31997066989055,388.4822743197877
0.040157822362305265,384.4788709600412,380.41150607297584,388.5462358471066
0.04023699570847878,384.4368262382718,380.50868849027506,388.36496398626855
0.04031616278672959,384.49336371684586,380.56940413201363,388.41732330167804
0.04039532359805046,384.56754790255076,380.64703830475287,388.4880575003487
0.040474478143433294,384.65486758219913,380.72612468160054,388.58361048279767
0.040553626423869754,384.7387755311034,380.7657166854019,388.71183437680486
0.040632768440351914,384.79998663519456,380.77990148432536,388.82007178606375
0.040711904193870746,384.8170025044751,380.80089383846723,388.833111170483
0.04079103368541785,384.8530145337577,380.8490215958832,388.8570074716322
0.040870156915983946,384.89931866198555,380.903532771718,388.89510455225303
0.04094927388655952,384.9502912496326,380.955846710951,388.9447357883142
0.041028384598135466,384.99257530161856,380.99960151164856,388.98554909158855
0.041107489051701585,385.0328016542975,381.05331881401094,389.01228449458404
0.041186587248248294,385.07205514819117,381.10896977676504,389.0351405196173
0.04126567918876515,385.12405859026376,381.18189723996517,389.06621994056235
0.041344764874241456,385.1904331683318,381.248017353423,389.1328489832407
0.041423844305666924,385.27191277127235,381.31055949144275,389.233266051102
0.0415029174840302,385.36449417096554,381.3873200232448,389.34166831868623
0.04158198441032051,385.4590436119825,381.46501422455617,389.45307299940885
0.041661045085526247,385.55238946864625,381.54765707909655,389.55712185819596
0.04174009951063554,385.6065272744197,381.5878227266167,389.62523182222264
0.04181914768663692,385.62913683699327,381.5739031354213,389.68437053856525
0.04189818961451787,385.6509251492169,381.58456961831973,389.717280680114
0.04197722529526645,385.7012653590271,381.6673872119124,389.73514350614187
0.04205625472986986,385.81841920516365,381.8008964884248,389.8359419219025
0.042135277919315074,385.8548900492714,381.84083090610466,389.8689491924381
0.04221429486458946,385.86696140521843,381.8309222136407,389.90300059679623
0.04229330556667931,385.8790298504664,381.8209388256101,389.9371208753227
0.042372310026571526,385.9090229137594,381.8595041660649,389.9585416614539
0.04245130824525214,385.95394494114043,381.9314231899027,389.9764666923782
0.04253030022370694,385.99947661524226,382.00400196371953,389.99495126676504
0.04260928596292215,386.0565193558139,382.08251854690025,390.0305201647276
0.04268826546388287,386.1202506678871,382.16228000660897,390.0782213291653
0.042767238727574854,386.179325018608,382.23318372586186,390.12546631135405
0.04284620575498295,386.21053052200614,382.2672958775793,390.15376516643295
0.042925166547091796,386.2347742750266,382.2986620003397,390.17088654971354
0.043004121104886425,386.2761694193305,382.3377910716571,390.2145477670038
0.04308306942935079,386.31511771552664,382.3761318216854,390.25410360936786
0.04316201152146947,386.3545711081052,382.4154470239849,390.29369519222547
0.043240947382226155,386.4017714543302,382.46545906201436,390.338083846646
0.043319877012604306,386.45369793833277,382.52620854216036,390.38118733450517
0.0433988004135878,386.5073398464936,382.59139495600743,390.4232847369798
0.04347771758615942,386.57245501904725,382.6721579074468,390.4727521306477
0.04355662853130258,386.6429209252298,382.75970691107915,390.5261349393805
0.0436355332499998,386.6659721112539,382.8453912389158,390.48655298359205
0.043714431743233396,386.73588179730575,382.90428983071945,390.56747376389205
0.043793324011986066,386.77163019048317,382.9313915036096,390.6118688773568
0.04387221005723944,386.7946110171697,382.9589266016052,390.63029543273416
0.04395108987997575,386.8188313365231,382.9894395627829,390.64822311026325
0.04402996348117638,386.84666095854294,383.02264273565567,390.6706791814302
0.04410883086182247,386.87841262559135,383.0584664053204,390.69835884586234
0.04418769202289556,386.9008603540331,383.08866271258415,390.713057995482
0.04426654696537611,386.93101755613765,383.1364374929499,390.72559761932547
0.044345395690245204,386.96415610819423,383.1921977294818,390.73611448690673
0.04442423819848306,387.0272248594233,383.22872315578275,390.8257265630639
0.04450307449106965,387.0660404318509,383.2700532855595,390.86202757814226
0.044581904568985364,387.10810645052686,383.3130688857249,390.90314401532885
0.0446607284332095,387.1623811596863,383.369786321385,390.9549759979875
0.044739546084721984,387.2075784333638,383.423261343718,390.99189552300953
0.04481835752450187,387.25259066049125,383.4756480603044,391.029533260678
0.04489716275352798,387.2991980354739,383.5287425572898,391.0696535136581
0.044975961772779544,387.33442779870103,383.565480125578,391.1033754718241
0.0450547545832347,387.36860956798057,383.6007939473515,391.1364251886096
0.04513354118587221,387.3990261801567,383.6340652566584,391.1639871036549
0.04521232158166999,387.4222078317936,383.659749116904,391.1846665466833
0.045291095771605686,387.471254081593,383.7371548409501,391.2053533222358
0.04536986375665737,387.5212057467287,383.8165487417334,391.225862751724
0.04544862553780205,387.5725830394322,383.8973351490303,391.2478309298341
0.04552738111601732,387.6113971723895,383.9326520301404,391.29014231463856
0.04560613049227993,387.64471098283667,383.95051598611474,391.33890597955855
0.04568487366756637,387.7192641302463,383.9512045619734,391.4873236985193
0.045763610642853586,387.7809921137142,383.9693568539224,391.59262737350605
0.0458423414191174,387.81906470855904,384.01629161474335,391.62183780237467
0.04592106599733427,387.85015053282945,384.0540463215013,391.6462547441576
0.04599978437847978,387.88022065219496,384.0890050427526,391.6714362616373
0.04607849656352929,387.8688477782313,384.1448341580145,391.5928613984482
0.046157202553458565,387.8493898263394,384.204204354733,391.4945752979458
0.04623590234924229,387.873663573918,384.25382115335384,391.4935059944822
0.046314595951855775,387.9376599990427,384.28955824304944,391.585761755036
0.04639328336227344,387.9907480033393,384.3295270861411,391.65196892053757
0.04647196458146951,388.0281526968093,384.37220086921053,391.6841045244081
0.046550639610418595,388.06555847224627,384.41480513056223,391.7163118139303
0.04662930845009422,388.1088846410214,384.4623835552052,391.75538572683763
0.04670797110147054,388.1506517831503,384.50544416616833,391.7958594001323
0.04678662756552086,388.1924206929588,384.54833797561633,391.8365034103013
0.046865277843218214,388.23179904013307,384.58926156238914,391.874336517877
0.04694392193553608,388.2599373808167,384.6178132871956,391.9020614744379
0.04702255984344705,388.2753172727278,384.6300809344661,391.92055361098954
0.0471011915679235,388.299121458101,384.6530354494041,391.9452074667979
0.047179817109938196,388.3232259008863,384.6763310277684,391.9701207740042
0.04725843647046285,388.3461597521563,384.7024324744493,391.98988702986327
0.04733704965046977,388.3635183171303,384.73132448308206,391.99571215117857
0.04741565665093041,388.38155475912265,384.75816820397034,392.00494131427496
0.04749425747281599,388.40176269344585,384.78666934574187,392.0168560411499
0.04757285211709815,388.42196900545304,384.8150993690189,392.0288386418872
0.04765144058474743,388.44862741127866,384.8606996735415,392.0365551490158
0.04773002287673501,388.5595773409699,384.8862518825746,392.2329027993652
0.047808598994031185,388.5750735532198,384.9544614605833,392.1956856458564
0.04788716893760605,388.5814544919902,385.0096034126482,392.1533055713322
0.04796573270843008,388.55072698300893,384.9909569628347,392.11049700318324
0.04804429030747269,388.5639299146698,385.0083586683507,392.119501160989
0.04812284173570391,388.66621185928824,385.0627680974354,392.26965562114106
0.04820138699409289,388.7183539949669,385.16440254032676,392.2723054496071
0.04827992608360858,388.7567147243541,385.2490314809896,392.26439796771854
0.04835845900522032,388.76855121108275,385.3020422479623,392.23506017420317
0.04843698575989637,388.7803847615944,385.3547201430857,392.2060493801031
0.04851550634860563,388.78130155373776,385.37838415244295,392.18421895503263
0.04859402077231611,388.773598861223,385.37025334830327,392.17694437414275
0.04867252903199561,388.751940898407,385.3441291404898,392.1597526563242
0.04875103112861233,388.73481468548715,385.3231272208076,392.1465021501667
0.048829527063133406,388.73594322151786,385.3254225917124,392.14646385132335
0.04890801683652657,388.74577306965324,385.35031281240856,392.141233326898
0.04898650044975872,388.76713432222516,385.4049913114971,392.1292773329532
0.0490649779037965,388.78999111299373,385.46137673079005,392.1186054951974
0.049143449199606976,388.81774491217186,385.52401659644505,392.1114732278986
0.04922191433815615,388.7665266845688,385.5745073716839,391.95854599745377
0.04930037332041061,388.7457689159183,385.58909171482406,391.9024461170126
0.04937882614733611,388.7425552977781,385.5948504406787,391.89026015487747
0.049457272819898174,388.7402649446599,385.60165828220653,391.8788716071133
0.049535713339062724,388.80375805820705,385.5869949340095,392.0205211824046
0.049614147705794615,388.9166319143111,385.5577891152542,392.27547471336794
0.04969257592105931,389.02986345741664,385.52348346844445,392.53624344638877
0.04977099798582143,388.96407124168803,385.5967491735994,392.3313933097767
0.04984941390104535,389.0968133513281,385.55321985509715,392.640406847559
0.04992782366769587,389.3101965672624,385.45195352658413,393.1684396079406
0.0500062272867367,389.273167015777,385.5178117445642,393.02852228698976
0.05008462475913217,389.23831461578084,385.5855786984462,392.8910505331155
0.05016301608584577,389.2034519662456,385.652283912219,392.7546200202722
0.05024140126784075,389.1921390273745,385.70094723238265,392.6833308223663
0.05031978030608075,389.2280555277856,385.7204796039303,392.73563145164087
0.05039815320152838,389.2639728763498,385.73973845775436,392.7882072949452
0.05047651995514682,389.2998910730675,385.75872750363294,392.841054642502
0.050554880567898426,389.32356030639215,385.76247905096835,392.8846415618159
0.050633235040745316,389.3499475544804,385.77319636894856,392.9266987400123
0.05071158337465001,389.3763916372947,385.78379838470516,392.96898488988427
0.05078992557057396,389.402454822248,385.7936721820191,393.01123746247686
0.05086826162947925,389.42823259663646,385.8029372091967,393.05352798407614
0.05094659155232709,389.4539800657329,385.8119115866956,393.0960485447702
0.05102491534007846,389.47972678953215,385.8206326751362,393.1388209039281
0.05110323299369476,389.5192981375342,385.86433094821007,393.1742653268583
0.05118154451413631,389.4920377363258,385.9559700365727,393.02810543607893
0.05125984990236406,389.4110276226285,386.05383637047413,392.768218874783
0.05133814915933809,389.3789460732767,386.0791009918501,392.67879115470333
0.051416442286018264,389.41200285690115,386.0702020471171,392.75380366668514
0.05149472928336484,389.44643000773044,386.062705461155,392.8301545543059
0.05157301015233703,389.47828620069527,386.04872088837254,392.907851513018
0.05165128489389463,389.50582286900044,386.02418985295685,392.9874558850441
0.051729553508996606,389.53472369122983,386.0012566507235,393.06819073173614
0.0518078159986017,389.56430047800495,385.9795118085509,393.14908914745894
0.05188607236366904,389.5946966434145,385.95953022168493,393.2298630651441
0.0519643226051567,389.6250927945954,385.93937523395283,393.31081035523795
0.052042566724023374,389.6554889315478,385.91905348886314,393.3919243742324
0.0521208047212269,389.3532398869072,386.1076826376665,392.5987971361478
0.05219903659772487,389.32551493000574,386.0744879714926,392.5765418885189
0.0522772623544753,389.3044416978549,386.05031269716557,392.5585706985442
0.05235548199243515,389.28687065546336,386.0263975085561,392.5473438023707
0.05243369551256198,389.27907449339733,385.9949554937256,392.56319349306904
0.052511902915812494,389.2663401028613,385.95629616811743,392.57638403760524
0.05259010420314319,389.2664498059419,385.937306711803,392.59559290008076
0.052668299375510944,389.29444472453105,385.9573890317141,392.63150041734804
0.05274648843387159,389.38225947739915,386.05647321308794,392.7080457417103
0.05282467137918157,389.48083066375324,386.1592262137836,392.8024351137228
0.05290284821239648,389.5194975427044,386.1836339805761,392.85536110483275
0.052981018934471664,389.55268226232255,386.21185430658437,392.89351021806067
0.05305918354636291,389.5821682187365,386.2299752427072,392.93436119476587
0.053137342049024906,389.6118510409557,386.24793801877615,392.97576406313516
0.05321549444341299,389.64772745817584,386.2799964054914,393.01545851086024
0.05329364073048162,389.6664709584484,386.2883340580471,393.04460785884964
0.05337178091118505,389.6692653437475,386.2746329610765,393.0638977264185
0.05344991498647793,389.6655340474368,386.2670240323705,393.06404406250306
0.05352804295731383,389.65942154538374,386.26035943865736,393.05848365211006
0.05360616482464697,389.65330333123217,386.2532375457165,393.0533691167478
0.053684280589430686,389.6471794049819,386.2456585417246,393.04870026823914
0.05376239025261812,389.64090601440887,386.2372946007712,393.0445174280466
0.053840493815162795,389.6344558398587,386.2280897162298,393.0408219634876
0.05391859127801718,389.6281307433136,386.2183438956142,393.03791759101296
0.053996682642134364,389.6303115843306,386.2020564765887,393.0585666920725
0.05407476790846658,389.6301348161701,386.1812620167216,393.07900761561854
0.05415284707796584,389.6289147282893,386.15776227776513,393.1000671788135
0.05423092015158456,389.6053217969227,386.13715045185825,393.07349314198717
0.054308987130274086,389.5622280661849,386.1236030395569,393.0008530928129
0.0543870480149864,389.5592755442305,386.0806117709201,393.037939317541
0.05446510280667262,389.55631781374484,386.0369894945851,393.07564613290464
0.054543151506283624,389.5176215157543,386.01968138382296,393.0155616476856
0.05462119411477074,389.46711848593765,385.985905621189,392.94833135068626
0.05469923063308419,389.4130823722442,385.94667421891444,392.87949052557406
0.05477726106217484,389.37309680589277,385.9270019470296,392.8191916647559
0.0548552854029927,389.3423582591819,385.92025962543323,392.76445689293047
0.05493330365648754,389.31161017509885,385.91330357745863,392.70991677273906
0.055011315823609554,389.2777669844544,385.90101882581814,392.6545151430907
0.05508932190530788,389.2371575820628,385.87644268125774,392.5978724828679
0.05516732190253225,389.1904937423803,385.8399173295697,392.5410701551909
0.05524531581623157,389.1621122441367,385.7892985291521,392.5349259591213
0.05532330364735451,389.1516462696843,385.7247129380968,392.5785796012718
0.05540128539685014,389.1447802425237,385.6669830116758,392.6225774733716
0.05547926106566648,389.13808979666635,385.60905689492324,392.66712269840946
0.055557230654752175,389.13139357530565,385.5505867173469,392.71220043326434
0.05563519416505501,389.1254399112126,385.4930767881373,392.757803034288
0.05571315159752254,389.1234278091276,385.44278545307594,392.80407016517927
0.05579110295310274,389.1214106636264,385.3918504066785,392.8509709205744
0.05586904823274251,389.05932314676915,385.388772547355,392.72987374618333
0.05594698743738939,388.94918697867826,385.4230162399517,392.4753577174048
0.05602492056799006,388.9304950255122,385.3856893836567,392.47530066736766
0.056102847625490955,388.9758251008489,385.29825050268454,392.6533996990132
0.05618076861083896,388.97696548454036,385.2451451859039,392.70878578317684
0.05625868352497986,388.84444717030664,385.2985133071328,392.3903810334805
0.05633659236886009,388.92598406434297,385.18047591960834,392.67149220907754
0.056414495143425225,388.88779699834714,385.16175368418845,392.61384031250583
0.05649239184962059,388.8713161522796,385.18565606486294,392.5569762396962
0.056570282488391965,388.85240697413013,385.2051055519334,392.49970839632687
0.05664816706068405,388.83341234596,385.22435277817397,392.44247191374615
0.05672604556744214,388.801904845464,385.2193339166885,392.3844757742394
0.05680391800961071,388.773634947416,385.21847961570387,392.3287902791281
0.056881784388134016,388.74535593116667,385.2175526393646,392.27315922296873
0.0569596447039567,388.720393386815,385.2207889921796,392.21999778145033
0.05703749895802237,388.70220127325575,385.21993298005566,392.1844695664559
0.057115347151275225,388.69571462629295,385.2119117623056,392.1795174902803
0.057193189284658635,388.68469591113046,385.19811681788195,392.1712750043789
0.05727102535911574,388.6706542734303,385.18137021078326,392.15993833607735
0.0573488553755901,388.6571196440678,385.1654725303195,392.14876675781613
0.0574266793350242,388.6435781992326,385.1494873582401,392.1376690402251
0.057504497238361145,388.6300299389247,385.13341482554307,392.1266450523063
0.057582309086543215,388.61769118486393,385.1162490111032,392.1191333586247
0.057660114880512446,388.60898787657027,385.1008875890409,392.11708816409964
0.057737914621211285,388.60054213703756,385.0858378350424,392.11524643903266
0.05781570830958113,388.57540379117546,385.0376758999876,392.1131316823633
0.05789349594656399,388.56992922152017,384.9606486577186,392.1792097853217
0.05797127753310103,388.62185078115164,384.83452976684947,392.40917179545374
0.05804905307013319,388.5090883678587,384.84863521938115,392.16954151633615
0.058126822558601826,388.3768743122124,384.8621410633368,391.89160756108805
0.058204585999447236,388.4936511535555,384.6580446163425,392.3292576907685
0.05828234339361033,388.4834429614031,384.5583887324589,392.40849719034736
0.05836009474203118,388.3893792171338,384.39673335323175,392.38202508103586
0.05843784004564962,388.24921391593585,384.13352226018424,392.3649055716875
0.05851557930540592,388.10626374224364,383.85852687045036,392.3540006140369
0.058593312522239274,387.9644969260728,383.5782454519224,392.35074840022315
0.05867103969708949,387.82664955077433,383.2964606533598,392.3568384481889
0.05874876083089555,387.7548397192397,383.16954425473153,392.34013518374786
0.0588264759245962,387.74758026233826,383.19507350970315,392.30008701497337
0.05890418497913061,387.7371710712625,383.2163771436092,392.2579649989157
0.05898188799543686,387.71793991291713,383.2254519384155,392.2104278874188
0.059059584974453704,387.6981626495582,383.23085233387405,392.1654729652423
0.059137275917118995,387.6783776318841,383.23534326700855,392.12141199675966
0.0592149608243704,387.667317998076,383.2503133522497,392.0843226439023
0.05929263969714598,387.68964834156696,383.30914026577,392.07015641736393
0.05937031253638276,387.7314287323098,383.3939215033017,392.0689359613178
0.059447979343018355,387.77321093528633,383.47786787192723,392.0685539986454
0.05952564011798955,387.8149949504964,383.56095389213004,392.0690360088628
0.059603294862232925,387.85717272271205,383.643675409672,392.07067003575213
0.059680943576685436,387.87392827606925,383.69385414218567,392.05400240995283
0.05975858626228302,387.8219712080442,383.65533231763817,391.9886100984503
0.0598362229199622,387.7656432912056,383.60273730157485,391.92854928083636
0.059913853550658674,387.65116443164237,383.4351934935139,391.86713536977084
0.05999147815530792,387.53466052704596,383.26631638871066,391.8030046653812
0.060069096734845825,387.41813386436695,383.0945932392743,391.7416744894597
0.06014670929020722,387.30442592216167,382.92648760269986,391.68236424162353
0.06022431582232754,387.2084848358221,382.7593984629523,391.657571208692
0.06030191633214141,387.164668067271,382.66551017309916,391.6638259614429
0.0603795108205832,387.1951712134308,382.68528420363805,391.70505822322355
0.060457099288587716,387.24748465973533,382.7301011390921,391.76486818037864
0.060534681737088696,387.2998015617584,382.76555302309237,391.8340501004244
0.060612258167020504,387.3451294342814,382.78308263392375,391.90717623463905
0.06068982857931665,387.3022733560275,382.68778421329654,391.91676249875854
0.06076739297491044,387.25665949756257,382.588559534697,391.92475946042805
0.06084495135473558,387.2047546828075,382.47353860893776,391.9359707566772
0.06092250371972473,387.07240259040185,382.15555631417885,391.9892488666249
0.06100005007081116,386.94124102047783,381.83453668783545,392.04794535312016
0.06107759040892731,386.80220651173494,381.50097148992876,392.1034415335411
0.06115512473500538,386.46444427824395,380.3323909237022,392.5964976327857
0.06123265304997801,386.2840971080881,379.95478660095733,392.61340761521876
0.061310175354776765,386.0910370966114,379.57898259301857,392.60309160020415
0.06138769165033383,385.89794251047186,379.1994541750631,392.5964308458806
0.06146520193758056,385.7677205877712,379.02729821409883,392.5081429614435
0.061542706217448076,385.6960880116883,379.02088385858843,392.3712921647882
0.061620204490867934,385.62443969782674,379.01359216913335,392.2352872265202
0.06169769675877061,385.5527756461864,379.00539702500436,392.10015426736845
0.06177518302208722,385.4810958567673,378.99627164027135,391.96592007326325
0.06185266328174802,385.41993217513266,378.9863388499621,391.8535255003032
0.06193013753868307,385.4019974126376,379.0061472048485,391.7978476204267
0.06200760579382281,385.4177570474383,379.06334133189324,391.7721727629833
0.06208506804809667,385.4968117814314,379.26927468710244,391.7243488757604
0.06216252430243467,385.57527219122744,379.47302227335285,391.67752210910203
0.06223997455776599,385.6511975510844,379.67239484305475,391.6300002591141
0.0623174188150196,385.72713004558403,379.86982766942936,391.5844324217387
0.06239485707512488,385.7816454304485,380.0404557508601,391.52283511003697
0.06247228933901015,385.75594501543856,380.04457369129153,391.4673163395855
0.06254971560760436,385.7108525698868,379.95461086910507,391.4670942706686
0.06262713588183563,385.6717972831321,379.87071527234144,391.4728792939228
0.06270455016263184,385.63273132544566,379.7861583211002,391.47930432979115
0.06278195845092129,385.5936546968277,379.70095463135294,391.4863547623024
0.06285936074763122,385.55456739727794,379.61511857247797,391.4940162220779
0.06293675705368952,385.5149406066787,379.52811642849815,391.5017647848593
0.06301414737002321,385.44096120889805,379.4023732398041,391.479549177992
0.0630915316975591,385.34024628282265,379.2518691241051,391.42862344154014
0.06316891003722441,385.240880615624,379.1075613810143,391.37419985023377
0.06324628238994531,385.1426715450959,378.96174988424553,391.3235932059463
0.06332364875664863,385.0496849912286,378.812347411534,391.28702257092317
0.06340100913826027,384.95078482587894,378.6564539933965,391.2451156583613
0.063478363535706,384.8462489996049,378.49462583389607,391.1978721653137
0.06355571194991197,384.7416923944825,378.3321767818093,391.15120800715573
0.06363305438180325,384.8747247858099,378.38406400927977,391.36538556234
0.0637103908323056,384.7397896064017,378.04452812138396,391.4350510914195
0.06378772130234386,384.5190652059278,377.6088096233151,391.42932078854045
0.06386504579284273,384.2982760667238,377.1711632598654,391.42538887358216
0.06394236430472727,384.0773579308864,376.73169860528594,391.4230172564869
0.0640196768389215,383.8564010394591,376.29063928370084,391.42216279521745
0.06409698339635006,383.6354053924425,375.84811369988046,391.4226970850046
0.06417428397793677,383.4143709898362,375.404236864322,391.42450511535037
0.06425157858460523,383.34048514658934,375.3246967613708,391.3562735318079
0.06432886721727943,383.27731855176233,375.27090470570914,391.2837323978156
0.06440614987688233,383.1981821691863,375.20567197035245,391.19069236802005
0.06448342656433749,383.1732669586311,375.2004524213023,391.1460814959599
0.06456069728056767,383.1599617509915,375.2235287910984,391.09639471088457
0.06463796202649538,383.1404167976034,375.2429521189737,391.0378814762331
0.06471522080304355,383.1190694528944,375.2600950687461,390.97804383704266
0.06479247361113408,383.1071585989453,375.28461095833194,390.92970623955875
0.06486972045168947,383.09597450588933,375.3095732118574,390.88237579992125
0.06494696132563137,383.08559390548135,375.3352952635888,390.83589254737393
0.06502419623388125,383.07274661551116,375.35903473795736,390.78645849306497
0.06510142517736098,383.0466818770079,375.3715066669297,390.72185708708616
0.06517864815699136,383.002468265368,375.39065866669165,390.6142778640443
0.06525586517369383,382.8724572054992,375.443050998245,390.30186341275345
0.06533307622838902,382.7949336246827,375.4818446709181,390.1080225784473
0.06541028132199728,382.78605276584653,375.53577241993327,390.03633311175975
0.06548748045543942,382.7771659723731,375.58959748816267,389.9647344565835
0.0655646736296352,386.18516845613965,381.60412306760026,390.76621384467904
0.06564186084550497,386.1544550882381,381.6179596369968,390.69095053947933
0.0657190421039683,386.06205095160243,381.4343671332931,390.68973476991175
0.06579621740594448,385.9499381344609,381.2087034485064,390.6911728204155
0.06587338675235324,385.8378097692594,380.97901279124926,390.69660674726964
0.0659505501441133,385.72567005801926,380.7455812447275,390.705758871311
0.06602770758214394,385.6135084465831,380.50865728965437,390.7183596035119
0.06610485906736363,385.50132493495147,380.2684862976967,390.7341635722062
0.06618200460069064,385.3891195231239,380.02529634445847,390.75294270178927
0.06625914418304364,385.2768922111006,379.7792989285276,390.7744854936736
0.06633627781534024,385.16464299888145,379.53068980997125,390.79859618779165
0.0664134054984987,385.0386257642258,379.26410064727435,390.8131508811772
0.06649052723343642,385.03601229156425,379.2658968965363,390.8061276865922
0.06656764302107059,385.0972436583775,379.4045781886136,390.78990912814146
0.06664475286231883,385.15847988913805,379.54246185986455,390.7744979184115
0.06672185675809768,385.21972098384583,379.67951371776047,390.75992824993114
0.06679895470932436,385.3263433938026,379.9166231959309,390.73606359167417
0.06687604671691517,385.5012547340425,380.3196846997317,390.6828247683533
0.0669531327817863,385.6761884616498,380.7077981274394,390.6445787958603
0.06703021290485425,385.85255454115435,381.0809905221557,390.62411856015297
0.06710728708703455,385.77262075834284,380.94257095804016,390.60267055864557
0.0671843553292433,385.6234472682277,380.6695102755547,390.57738426090066
0.06726141763239582,385.4214268486602,380.4151636013121,390.42769009600835
0.06733847399740715,385.2141808647532,380.161089164978,390.2672725645283
0.06741552442519282,385.0059082819699,379.90400902631967,390.10780753762003
0.06749256891666724,384.8150171376686,379.6317765545235,389.9982577208136
0.06756960747274549,384.6332520076579,379.35524127412805,389.9112627411878
0.06764664009434179,384.47853542523774,379.13312652633317,389.8239443241423
0.06772366678237018,384.40940175244924,379.0854286625069,389.7333748423915
0.06780068753774507,384.34025286748795,379.0374094825521,389.6430962524238
0.06787770236137987,384.2710887703536,378.98906512838516,389.553112412322
0.06795471125418856,384.20190946104645,378.9403917351581,389.46342718693484
0.06803171421708434,384.136654272652,378.8967435054107,389.37656503989325
0.06810871125098017,384.1103829725484,378.8983049660687,389.3224609790281
0.06818570235678942,384.06811254238363,378.8671170013089,389.2691080834583
0.06826268753542442,384.0258310498461,378.835203422951,389.2164586767411
0.06833966678779813,383.98353849493617,378.8025595984033,389.1645173914691
0.06841664011482267,383.92736784524334,378.7513584462291,389.1033772442576
0.06849360751740996,383.8607627858891,378.6864781679926,389.0350474037856
0.06857056899647229,383.7941429253356,378.62143450437105,388.9668513463002
0.06864752455292099,383.7347113641359,378.56533309460104,388.9040896336707
0.06872447418766792,383.67667714189383,378.5107093652128,388.84264491857493
0.06880141790162415,383.61862944419545,378.45576629305214,388.7814925953387
0.06887835569570057,383.5605682710408,378.4005031833183,388.72063335876334
0.06895528757080842,383.50249362242994,378.3449193942635,388.66006785059636
0.06903221352785795,383.4444054983627,378.2890143377191,388.59979665900636
0.06910913356775998,383.3743251029518,378.2184074017002,388.53024280420334
0.06918604769142456,383.228221262745,377.99206564776085,388.4643768777292
0.06926295589976147,383.0397396685583,377.6740499850838,388.4054293520328
0.06933985819368096,382.85122455043097,377.3537700671516,388.34867903371037
0.06941675457409219,382.6626759083628,377.03138011374955,388.293971702976
0.06949364504190494,382.47409374235394,376.70702238606896,388.24116509863893
0.06957052959802822,382.2854780524043,376.3808280574411,388.19012804736747
0.06964740824337076,382.08930922698084,376.04519512199994,388.13342333196175
0.06972428097884174,381.8768692687107,375.69185398494346,388.061884552478
0.06980114780534928,381.6643921341639,375.33783293397784,387.99095133435
0.06987800872380215,381.4518778233407,374.9831724696089,387.92058317707244
0.06995486373510826,381.2908881491735,374.74318593083194,387.83859036751505
0.07003171284017533,381.25935119497115,374.80850578385645,387.7101966060859
0.07010855603991145,381.2257147188922,374.87361321192236,387.5778162258621
0.07018539333522375,381.19206857096356,374.93802578210517,387.4461113598219
0.0702622247270199,381.17176513275825,375.0460142286972,387.2975160368194
0.0703390502162068,381.17769098001224,375.21482125228977,387.1405607077348
0.07041586980369109,381.1836132382731,375.3802937775135,386.98693269903265
0.07049268349037988,381.189531907541,375.5421457209489,386.83691809413307
0.07056949127717917,381.1954469878159,375.7000653079553,386.69082866767644
0.07064629316499564,381.2013584790977,375.85371353411557,386.5490034240798
0.07072308915473512,381.25783772574295,376.0666675270662,386.4490079244196
0.07079987924730323,381.2213811126989,376.0669554032317,386.37580682216617
0.070876663443606,381.0289332884094,375.7383149645064,386.31955161231247
0.07095344174454844,380.8250681144175,375.39012828265,386.26000794618494
